fixIdx,time,lat,lng,tickLead,tickRace,zoneIdx,legIdx,distance,area
1,,,,-4151.0,-15959.0,1,0,193.734,0.0
34,,,,-3820.0,-15628.0,34,0,193.682,0.0
35,,,,-3810.0,-15618.0,35,0,193.656,0.0
36,,,,-3800.0,-15608.0,36,0,193.624,0.0
37,,,,-3790.0,-15598.0,37,0,193.555,0.0
38,,,,-3780.0,-15588.0,38,0,193.529,0.0
39,,,,-3770.0,-15578.0,39,0,193.524,0.0
40,,,,-3760.0,-15568.0,40,0,193.365,0.0
41,,,,-3750.0,-15558.0,41,0,193.326,0.0
42,,,,-3740.0,-15548.0,42,0,193.308,0.0
43,,,,-3730.0,-15538.0,43,0,193.186,0.0
45,,,,-3710.0,-15518.0,45,0,193.112,0.0
46,,,,-3700.0,-15508.0,46,0,193.069,0.0
47,,,,-3690.0,-15498.0,47,0,193.063,0.0
48,,,,-3680.0,-15488.0,48,0,193.029,0.0
49,,,,-3670.0,-15478.0,49,0,193.004,0.0
50,,,,-3660.0,-15468.0,50,0,192.865,0.0
51,,,,-3650.0,-15458.0,51,0,192.838,0.0
52,,,,-3640.0,-15448.0,52,0,192.815,0.0
53,,,,-3630.0,-15438.0,53,0,192.736,0.0
55,,,,-3610.0,-15418.0,55,0,192.713,0.0
56,,,,-3600.0,-15408.0,56,0,192.606,0.0
58,,,,-3580.0,-15388.0,58,0,192.507,0.0
60,,,,-3560.0,-15368.0,60,0,192.47,0.0
61,,,,-3550.0,-15358.0,61,0,192.453,0.0
62,,,,-3540.0,-15348.0,62,0,192.32,0.0
63,,,,-3530.0,-15338.0,63,0,192.305,0.0
64,,,,-3520.0,-15328.0,64,0,192.265,0.0
65,,,,-3510.0,-15318.0,65,0,192.125,0.0
67,,,,-3489.0,-15297.0,67,0,192.082,0.0
69,,,,-3469.0,-15277.0,69,0,191.983,0.0
71,,,,-3449.0,-15257.0,71,0,191.981,0.0
73,,,,-3429.0,-15237.0,73,0,191.932,0.0
102,,,,-3136.0,-14944.0,102,0,191.871,0.0
103,,,,-3126.0,-14934.0,103,0,191.861,0.0
104,,,,-3115.0,-14923.0,104,0,191.795,0.0
105,,,,-3105.0,-14913.0,105,0,191.717,0.0
107,,,,-3085.0,-14893.0,107,0,191.565,0.0
108,,,,-3075.0,-14883.0,108,0,191.38,0.0
234,,,,-1802.0,-13610.0,65,1,191.345,0.0
236,,,,-1782.0,-13590.0,67,1,191.322,0.0
237,,,,-1772.0,-13580.0,68,1,191.284,0.0
239,,,,-1751.0,-13559.0,70,1,191.174,0.0
240,,,,-1741.0,-13549.0,71,1,191.157,0.0
241,,,,-1731.0,-13539.0,72,1,191.03,0.0
243,,,,-1711.0,-13519.0,74,1,191.0,0.0
244,,,,-1701.0,-13509.0,75,1,190.881,0.0
247,,,,-1670.0,-13478.0,78,1,190.727,0.0
250,,,,-1640.0,-13448.0,81,1,190.555,0.0
251,,,,-1630.0,-13438.0,82,1,190.454,0.0
253,,,,-1610.0,-13418.0,84,1,190.4,0.0
254,,,,-1600.0,-13408.0,85,1,190.357,0.0
255,,,,-1590.0,-13398.0,86,1,190.292,0.0
256,,,,-1579.0,-13387.0,87,1,190.209,0.0
257,,,,-1569.0,-13377.0,88,1,190.2,0.0
258,,,,-1559.0,-13367.0,89,1,189.985,0.0
263,,,,-1509.0,-13317.0,94,1,189.829,0.0
264,,,,-1499.0,-13307.0,95,1,189.648,0.0
265,,,,-1488.0,-13296.0,96,1,189.628,0.0
268,,,,-1458.0,-13266.0,99,1,189.564,0.0
270,,,,-1438.0,-13246.0,101,1,189.405,0.0
272,,,,-1418.0,-13226.0,103,1,189.358,0.0
273,,,,-1408.0,-13216.0,104,1,189.268,0.0
275,,,,-1387.0,-13195.0,106,1,189.164,0.0
276,,,,-1377.0,-13185.0,107,1,189.027,0.0
278,,,,-1357.0,-13165.0,109,1,188.883,0.0
279,,,,-1347.0,-13155.0,110,1,188.862,0.0
280,,,,-1337.0,-13145.0,111,1,188.756,0.0
281,,,,-1327.0,-13135.0,112,1,188.722,0.0
282,,,,-1317.0,-13125.0,113,1,188.693,0.0
283,,,,-1307.0,-13115.0,114,1,188.483,0.0
296,,,,-1175.0,-12983.0,127,1,188.314,0.0
297,,,,-1165.0,-12973.0,128,1,188.155,0.0
298,,,,-1155.0,-12963.0,129,1,187.953,0.0
301,,,,-1125.0,-12933.0,132,1,187.894,0.0
303,,,,-1105.0,-12913.0,134,1,187.856,0.0
304,,,,-1095.0,-12903.0,135,1,187.844,0.0
305,,,,-1084.0,-12892.0,136,1,187.751,0.0
307,,,,-1064.0,-12872.0,138,1,187.713,0.0
308,,,,-1054.0,-12862.0,139,1,187.524,0.0
309,,,,-1044.0,-12852.0,140,1,187.493,0.0
310,,,,-1034.0,-12842.0,141,1,187.443,0.0
311,,,,-1024.0,-12832.0,142,1,187.4,0.0
312,,,,-1014.0,-12822.0,143,1,187.324,0.0
313,,,,-1004.0,-12812.0,144,1,187.165,0.0
314,,,,-994.0,-12802.0,145,1,187.043,0.0
318,,,,-953.0,-12761.0,149,1,187.0,0.0
320,,,,-933.0,-12741.0,151,1,186.893,0.0
321,,,,-923.0,-12731.0,152,1,186.863,0.0
323,,,,-903.0,-12711.0,154,1,186.745,0.0
324,,,,-892.0,-12700.0,155,1,186.559,0.0
325,,,,-882.0,-12690.0,156,1,186.39,0.0
326,,,,-872.0,-12680.0,157,1,186.213,0.0
328,,,,-852.0,-12660.0,159,1,186.135,0.0
330,,,,-832.0,-12640.0,161,1,186.036,0.0
332,,,,-812.0,-12620.0,163,1,185.894,0.0
334,,,,-792.0,-12600.0,165,1,185.806,0.0
335,,,,-781.0,-12589.0,166,1,185.728,0.0
337,,,,-761.0,-12569.0,168,1,185.594,0.0
338,,,,-751.0,-12559.0,169,1,185.472,0.0
341,,,,-721.0,-12529.0,172,1,185.41,0.0
342,,,,-711.0,-12519.0,173,1,185.203,0.0
343,,,,-701.0,-12509.0,174,1,185.109,0.0
345,,,,-680.0,-12488.0,176,1,185.019,0.0
346,,,,-670.0,-12478.0,177,1,184.927,0.0
348,,,,-650.0,-12458.0,179,1,184.834,0.0
350,,,,-630.0,-12438.0,181,1,184.733,0.0
351,,,,-620.0,-12428.0,182,1,184.694,0.0
353,,,,-600.0,-12408.0,184,1,184.542,0.0
354,,,,-590.0,-12398.0,185,1,184.385,0.0
358,,,,-549.0,-12357.0,189,1,184.338,0.0
359,,,,-539.0,-12347.0,190,1,184.301,0.0
362,,,,-509.0,-12317.0,193,1,184.292,0.0
363,,,,-498.0,-12306.0,194,1,184.107,0.0
364,,,,-488.0,-12296.0,195,1,184.021,0.0
366,,,,-468.0,-12276.0,197,1,183.953,0.0
367,,,,-458.0,-12266.0,198,1,183.782,0.0
370,,,,-428.0,-12236.0,201,1,183.703,0.0
371,,,,-418.0,-12226.0,202,1,183.58,0.0
376,,,,-367.0,-12175.0,207,1,183.442,0.0
377,,,,-357.0,-12165.0,208,1,183.262,0.0
378,,,,-347.0,-12155.0,209,1,183.052,0.0
379,,,,-337.0,-12145.0,210,1,182.867,0.0
380,,,,-327.0,-12135.0,211,1,182.677,0.0
381,,,,-317.0,-12125.0,212,1,182.554,0.0
384,,,,-286.0,-12094.0,215,1,182.372,0.0
385,,,,-276.0,-12084.0,216,1,182.297,0.0
398,,,,-145.0,-11953.0,229,1,182.245,0.0
400,,,,-125.0,-11933.0,231,1,182.16,0.0
402,,,,-104.0,-11912.0,233,1,182.121,0.0
403,,,,-94.0,-11902.0,234,1,182.031,0.0
405,,,,-74.0,-11882.0,236,1,181.875,0.0
407,,,,-54.0,-11862.0,238,1,181.838,0.0
408,,,,-44.0,-11852.0,239,1,181.766,0.0
409,,,,-34.0,-11842.0,240,1,181.764,0.0
410,,,,-24.0,-11832.0,241,1,181.708,0.0
411,,,,-14.0,-11822.0,242,1,181.643,0.0
412,,,,-4.0,-11812.0,243,1,181.632,0.0
413,,,,7.0,-11801.0,244,1,181.595,0.0
414,,,,17.0,-11791.0,245,1,181.553,0.0
415,,,,27.0,-11781.0,246,1,181.51,0.0
416,,,,37.0,-11771.0,247,1,181.44,0.0
418,,,,57.0,-11751.0,249,1,181.351,0.0
420,,,,77.0,-11731.0,251,1,181.24,0.0
422,,,,98.0,-11710.0,253,1,181.128,0.0
423,,,,108.0,-11700.0,254,1,181.07,0.0
442,,,,283.0,-11525.0,8,2,180.941,1.987341147532851e-4
443,,,,293.0,-11515.0,9,2,180.663,4.4291476061639336e-4
444,,,,303.0,-11505.0,10,2,180.381,4.6390214494556036e-4
445,,,,314.0,-11494.0,11,2,180.115,4.527789693888106e-4
446,,,,324.0,-11484.0,12,2,179.825,5.085663628877984e-4
447,,,,334.0,-11474.0,13,2,179.635,3.43024507455944e-4
449,,,,354.0,-11454.0,15,2,179.542,1.7781534673425508e-4
450,,,,365.0,-11443.0,16,2,179.316,4.4514187179606337e-4
451,,,,375.0,-11433.0,17,2,179.036,5.658139405182604e-4
452,,,,385.0,-11423.0,18,2,178.788,5.137553864441005e-4
453,,,,395.0,-11413.0,19,2,178.524,5.603032428159137e-4
454,,,,406.0,-11402.0,20,2,178.245,6.077036706809019e-4
455,,,,416.0,-11392.0,21,2,177.951,6.550948885823375e-4
456,,,,426.0,-11382.0,22,2,177.676,6.264862314527274e-4
457,,,,436.0,-11372.0,23,2,177.391,6.634621804955788e-4
458,,,,447.0,-11361.0,24,2,177.111,6.672041759543476e-4
459,,,,457.0,-11351.0,25,2,176.827,6.907744158640329e-4
460,,,,467.0,-11341.0,26,2,176.583,6.055640050131655e-4
461,,,,477.0,-11331.0,27,2,176.35,5.898493150939853e-4
462,,,,487.0,-11321.0,28,2,176.096,6.555861582801883e-4
463,,,,498.0,-11310.0,29,2,175.833,6.931299394111719e-4
464,,,,508.0,-11300.0,30,2,175.544,7.757278743420434e-4
465,,,,518.0,-11290.0,31,2,175.287,7.023205176332247e-4
466,,,,528.0,-11280.0,32,2,175.004,7.870890108006561e-4
467,,,,539.0,-11269.0,33,2,174.728,7.823619678779728e-4
468,,,,549.0,-11259.0,34,2,174.424,8.762640082834264e-4
469,,,,559.0,-11249.0,35,2,174.148,8.087008505964958e-4
470,,,,569.0,-11239.0,36,2,173.869,8.307903441355048e-4
471,,,,580.0,-11228.0,37,2,173.6,8.15212536313351e-4
472,,,,590.0,-11218.0,38,2,173.302,9.171694725993902e-4
473,,,,600.0,-11208.0,39,2,173.035,8.343262622148185e-4
474,,,,610.0,-11198.0,40,2,172.766,8.532629170516565e-4
475,,,,620.0,-11188.0,41,2,172.516,8.047855100851598e-4
476,,,,631.0,-11177.0,42,2,172.276,7.851855403660385e-4
477,,,,641.0,-11167.0,43,2,172.079,6.538907000050243e-4
478,,,,651.0,-11157.0,44,2,171.889,6.397748186749069e-4
479,,,,661.0,-11147.0,45,2,171.663,7.717504501094671e-4
480,,,,672.0,-11136.0,46,2,171.44,7.731667397723511e-4
481,,,,682.0,-11126.0,47,2,171.199,8.468621500524545e-4
482,,,,692.0,-11116.0,48,2,170.965,8.331645400437378e-4
483,,,,702.0,-11106.0,49,2,170.749,7.791626879175936e-4
484,,,,712.0,-11096.0,50,2,170.538,7.71004133585699e-4
485,,,,723.0,-11085.0,51,2,170.307,8.560156730687081e-4
486,,,,733.0,-11075.0,52,2,170.05,9.641537542369901e-4
487,,,,743.0,-11065.0,53,2,169.808,9.189167940999289e-4
488,,,,753.0,-11055.0,54,2,169.56,9.52998150320664e-4
489,,,,764.0,-11044.0,55,2,169.328,9.032584766592716e-4
490,,,,774.0,-11034.0,56,2,169.108,8.665920621104299e-4
491,,,,784.0,-11024.0,57,2,168.905,8.089469014718205e-4
492,,,,794.0,-11014.0,58,2,168.793,4.515870978303341e-4
495,,,,825.0,-10983.0,61,2,168.623,7.116116578827571e-4
496,,,,835.0,-10973.0,62,2,168.473,6.34900757744911e-4
498,,,,856.0,-10952.0,64,2,168.464,3.9033679375569084e-5
499,,,,866.0,-10942.0,65,2,168.409,2.4127998507976494e-4
501,,,,886.0,-10922.0,67,2,168.306,4.620701588407885e-4
503,,,,907.0,-10901.0,69,2,168.197,5.002616798190038e-4
504,,,,917.0,-10891.0,70,2,168.072,5.796164368019334e-4
505,,,,927.0,-10881.0,71,2,168.057,7.028319378301844e-5
506,,,,937.0,-10871.0,72,2,167.939,5.586376692235923e-4
508,,,,958.0,-10850.0,74,2,167.863,3.676519649577439e-4
510,,,,978.0,-10830.0,76,2,167.775,4.343773416671919e-4
511,,,,989.0,-10819.0,77,2,167.757,8.982086930136829e-5
512,,,,999.0,-10809.0,78,2,167.619,6.952661199969854e-4
514,,,,1019.0,-10789.0,80,2,167.524,4.8786813574424877e-4
516,,,,1040.0,-10768.0,82,2,167.433,4.7669248072715564e-4
517,,,,1050.0,-10758.0,83,2,167.41,1.2159980291872893e-4
518,,,,1060.0,-10748.0,84,2,167.31,5.335339254100682e-4
520,,,,1081.0,-10727.0,86,2,167.248,3.371811708324849e-4
521,,,,1091.0,-10717.0,87,2,167.188,3.292028096128753e-4
523,,,,1111.0,-10697.0,89,2,167.127,3.407016748525262e-4
524,,,,1121.0,-10687.0,90,2,166.998,7.265722491817249e-4
526,,,,1142.0,-10666.0,92,2,166.967,1.7778833548444539e-4
527,,,,1152.0,-10656.0,93,2,166.921,2.6606370420645246e-4
529,,,,1173.0,-10635.0,95,2,166.863,3.414805971479407e-4
532,,,,1203.0,-10605.0,98,2,166.824,2.354203675926802e-4
533,,,,1213.0,-10595.0,99,2,166.765,3.5900380008647666e-4
534,,,,1224.0,-10584.0,100,2,166.701,3.9281445748446915e-4
535,,,,1234.0,-10574.0,101,2,166.687,8.660992664700111e-5
536,,,,1244.0,-10564.0,102,2,166.658,1.8083680911049115e-4
538,,,,1265.0,-10543.0,104,2,166.557,6.401930488837917e-4
540,,,,1285.0,-10523.0,106,2,166.392,1.061547173732403e-3
542,,,,1306.0,-10502.0,108,2,166.252,9.145878310831683e-4
543,,,,1316.0,-10492.0,109,2,166.251,6.580001142457258e-6
544,,,,1326.0,-10482.0,110,2,166.127,8.218110778029446e-4
545,,,,1336.0,-10472.0,111,2,166.122,3.3374491438218044e-5
546,,,,1346.0,-10462.0,112,2,165.969,1.0284143035096337e-3
550,,,,1387.0,-10421.0,116,2,165.866,7.128700818596249e-4
551,,,,1398.0,-10410.0,117,2,165.721,1.0107579847416495e-3
552,,,,1408.0,-10400.0,118,2,165.717,2.8069808995508663e-5
553,,,,1418.0,-10390.0,119,2,165.579,9.748684631376498e-4
555,,,,1438.0,-10370.0,121,2,165.526,3.7946786722668573e-4
557,,,,1459.0,-10349.0,123,2,165.469,4.1392922716774577e-4
558,,,,1469.0,-10339.0,124,2,165.437,2.3391115190998324e-4
560,,,,1490.0,-10318.0,126,2,165.34,7.188988988119733e-4
562,,,,1510.0,-10298.0,128,2,165.327,9.76080567239244e-5
563,,,,1520.0,-10288.0,129,2,165.226,7.630984588207384e-4
565,,,,1541.0,-10267.0,131,2,165.098,9.797770195215628e-4
567,,,,1561.0,-10247.0,133,2,164.955,1.1078912612908273e-3
569,,,,1582.0,-10226.0,135,2,164.864,7.139997401793437e-4
571,,,,1602.0,-10206.0,137,2,164.855,7.148641316593118e-5
573,,,,1623.0,-10185.0,139,2,164.804,4.1032515713489354e-4
574,,,,1633.0,-10175.0,140,2,164.78,1.942397267193382e-4
576,,,,1653.0,-10155.0,142,2,164.689,7.452522833118684e-4
578,,,,1674.0,-10134.0,144,2,164.671,1.4923590528600496e-4
579,,,,1684.0,-10124.0,145,2,164.635,3.0020556822258433e-4
580,,,,1694.0,-10114.0,146,2,164.532,8.636572672379692e-4
581,,,,1704.0,-10104.0,147,2,164.475,4.805339717867819e-4
583,,,,1725.0,-10083.0,149,2,164.412,5.37465841368613e-4
585,,,,1745.0,-10063.0,151,2,164.34,6.211133200499075e-4
587,,,,1766.0,-10042.0,153,2,164.288,4.538090142889986e-4
588,,,,1776.0,-10032.0,154,2,164.245,3.7728099445795296e-4
590,,,,1796.0,-10012.0,156,2,164.172,6.474844364079706e-4
592,,,,1817.0,-9991.0,158,2,164.136,3.22933727283059e-4
593,,,,1827.0,-9981.0,159,2,164.107,2.615209770812838e-4
594,,,,1837.0,-9971.0,160,2,164.071,3.26359029303615e-4
595,,,,1848.0,-9960.0,161,2,164.004,6.108357105447098e-4
596,,,,1858.0,-9950.0,162,2,163.969,3.2072023249414474e-4
598,,,,1878.0,-9930.0,164,2,163.879,8.33268851421445e-4
600,,,,1899.0,-9909.0,166,2,163.859,1.87178632991786e-4
602,,,,1919.0,-9889.0,168,2,163.745,1.077714022237031e-3
604,,,,1940.0,-9868.0,170,2,163.668,7.354664834846273e-4
605,,,,1950.0,-9858.0,171,2,163.654,1.343731056782072e-4
606,,,,1960.0,-9848.0,172,2,163.581,7.040657066112741e-4
607,,,,1970.0,-9838.0,173,2,163.555,2.5196628044205164e-4
608,,,,1981.0,-9827.0,174,2,163.462,9.059667645285732e-4
610,,,,2001.0,-9807.0,176,2,163.358,1.0227360518310132e-3
612,,,,2022.0,-9786.0,178,2,163.31,4.767640429209494e-4
613,,,,2032.0,-9776.0,179,2,163.242,6.785150357451137e-4
615,,,,2052.0,-9756.0,181,2,163.172,7.050480010767689e-4
616,,,,2062.0,-9746.0,182,2,163.094,7.89095549315593e-4
618,,,,2083.0,-9725.0,184,2,162.963,1.3379152550267142e-3
621,,,,2114.0,-9694.0,187,2,162.801,1.6776354637673572e-3
622,,,,2124.0,-9684.0,188,2,162.672,1.3410152027382397e-3
625,,,,2154.0,-9654.0,191,2,162.649,2.4235955435372483e-4
626,,,,2165.0,-9643.0,192,2,162.596,5.612016132872953e-4
627,,,,2175.0,-9633.0,193,2,162.491,1.1164073183537397e-3
628,,,,2185.0,-9623.0,194,2,162.42,7.579642399676758e-4
629,,,,2195.0,-9613.0,195,2,162.232,2.0145820876825964e-3
630,,,,2206.0,-9602.0,196,2,162.025,2.2265872894671477e-3
631,,,,2216.0,-9592.0,197,2,161.832,2.0828349919279412e-3
632,,,,2226.0,-9582.0,198,2,161.635,2.133024670479384e-3
633,,,,2236.0,-9572.0,199,2,161.411,2.4330929320371323e-3
634,,,,2247.0,-9561.0,200,2,161.161,2.72486041420608e-3
635,,,,2257.0,-9551.0,201,2,160.894,2.9184172133895994e-3
636,,,,2267.0,-9541.0,202,2,160.63,2.8936323750700524e-3
637,,,,2277.0,-9531.0,203,2,160.384,2.7039373360147724e-3
638,,,,2287.0,-9521.0,204,2,160.115,2.9649654368556592e-3
639,,,,2298.0,-9510.0,205,2,159.852,2.90794021757363e-3
640,,,,2308.0,-9500.0,206,2,159.611,2.67207057403177e-3
641,,,,2318.0,-9490.0,207,2,159.353,2.868463435442154e-3
642,,,,2328.0,-9480.0,208,2,159.097,2.8538997024211378e-3
643,,,,2339.0,-9469.0,209,2,158.857,2.683986135899969e-3
644,,,,2349.0,-9459.0,210,2,158.592,2.9715111604067686e-3
645,,,,2359.0,-9449.0,211,2,158.346,2.7657433235939166e-3
646,,,,2369.0,-9439.0,212,2,158.121,2.5365914286820663e-3
647,,,,2379.0,-9429.0,213,2,157.887,2.6453484634863878e-3
648,,,,2390.0,-9418.0,214,2,157.648,2.7103030445270906e-3
649,,,,2400.0,-9408.0,215,2,157.392,2.910659597149062e-3
650,,,,2410.0,-9398.0,216,2,157.162,2.621890817106446e-3
651,,,,2420.0,-9388.0,217,2,156.931,2.6403415810549546e-3
652,,,,2430.0,-9378.0,218,2,156.701,2.635900356295179e-3
653,,,,2441.0,-9367.0,219,2,156.464,2.724355987165902e-3
654,,,,2451.0,-9357.0,220,2,156.243,2.547109993077775e-3
655,,,,2461.0,-9347.0,221,2,156.033,2.426856112279175e-3
656,,,,2471.0,-9337.0,222,2,155.836,2.282893707139962e-3
657,,,,2482.0,-9326.0,223,2,155.652,2.139121398033876e-3
658,,,,2492.0,-9316.0,224,2,155.462,2.2151120786195943e-3
659,,,,2502.0,-9306.0,225,2,155.362,1.1694357389584167e-3
660,,,,2512.0,-9296.0,226,2,155.281,9.504750854891093e-4
663,,,,2543.0,-9265.0,229,2,155.127,1.8279928734749962e-3
664,,,,2553.0,-9255.0,230,2,154.929,2.3568430190986024e-3
665,,,,2563.0,-9245.0,231,2,154.708,2.637352879546995e-3
666,,,,2574.0,-9234.0,232,2,154.575,1.592174794950589e-3
667,,,,2584.0,-9224.0,233,2,154.564,1.321336719006758e-4
668,,,,2594.0,-9214.0,234,2,154.442,1.470520984569609e-3
669,,,,2604.0,-9204.0,235,2,154.397,5.442020117609797e-4
670,,,,2614.0,-9194.0,236,2,154.202,2.3654252079070882e-3
672,,,,2635.0,-9173.0,238,2,154.064,1.6856206566858605e-3
674,,,,2655.0,-9153.0,240,2,153.943,1.4879385443825608e-3
676,,,,2676.0,-9132.0,242,2,153.827,1.4366298786355233e-3
678,,,,2696.0,-9112.0,244,2,153.664,2.0319565301480927e-3
680,,,,2717.0,-9091.0,246,2,153.58,1.0544520772229444e-3
681,,,,2727.0,-9081.0,247,2,153.577,3.77869049797392e-5
682,,,,2737.0,-9071.0,248,2,153.439,1.7437708145400118e-3
684,,,,2758.0,-9050.0,250,2,153.344,1.2087143241668193e-3
685,,,,2768.0,-9040.0,251,2,153.316,3.574009973820887e-4
686,,,,2778.0,-9030.0,252,2,153.225,1.1652972329934878e-3
687,,,,2788.0,-9020.0,253,2,153.188,4.753091688778012e-4
688,,,,2798.0,-9010.0,254,2,153.13,7.475198561032487e-4
689,,,,2809.0,-8999.0,255,2,153.099,4.009906635549344e-4
690,,,,2819.0,-8989.0,256,2,153.022,9.992023253877977e-4
692,,,,2839.0,-8969.0,258,2,152.965,7.445909194497233e-4
694,,,,2860.0,-8948.0,260,2,152.805,2.104046825037687e-3
696,,,,2880.0,-8928.0,262,2,152.703,1.3495524200051465e-3
697,,,,2890.0,-8918.0,263,2,152.678,3.3178318813272277e-4
698,,,,2901.0,-8907.0,264,2,152.522,2.0769754736129666e-3
700,,,,2921.0,-8887.0,266,2,152.449,9.77884297788757e-4
702,,,,2942.0,-8866.0,268,2,152.348,1.3619126127959677e-3
704,,,,2962.0,-8846.0,270,2,152.246,1.383824711859722e-3
706,,,,2983.0,-8825.0,272,2,152.227,2.594956920255611e-4
707,,,,2993.0,-8815.0,273,2,152.132,1.3013406088086617e-3
709,,,,3013.0,-8795.0,275,2,152.053,1.0887759744408383e-3
711,,,,3034.0,-8774.0,277,2,151.977,1.0541929800873318e-3
712,,,,3044.0,-8764.0,278,2,151.906,9.87606441066676e-4
714,,,,3064.0,-8744.0,280,2,151.759,2.0567208275820304e-3
716,,,,3085.0,-8723.0,282,2,151.658,1.4216443514668419e-3
717,,,,3095.0,-8713.0,283,2,151.547,1.5663705261327054e-3
720,,,,3126.0,-8682.0,286,2,151.512,4.986073952244869e-4
721,,,,3136.0,-8672.0,287,2,151.321,2.727640510026284e-3
723,,,,3157.0,-8651.0,289,2,151.254,9.624029337601523e-4
724,,,,3167.0,-8641.0,290,2,151.054,2.879401395555167e-3
725,,,,3177.0,-8631.0,291,2,150.832,3.2017518857138114e-3
726,,,,3187.0,-8621.0,292,2,150.61,3.2071059842601487e-3
727,,,,3197.0,-8611.0,293,2,150.385,3.2558092102365076e-3
728,,,,3208.0,-8600.0,294,2,150.146,3.464942633267501e-3
729,,,,3218.0,-8590.0,295,2,149.908,3.4557071309917805e-3
730,,,,3228.0,-8580.0,296,2,149.723,2.6907076273988964e-3
731,,,,3238.0,-8570.0,297,2,149.553,2.4772632963046635e-3
732,,,,3248.0,-8560.0,298,2,149.369,2.686372509730335e-3
733,,,,3259.0,-8549.0,299,2,149.188,2.6482849053968134e-3
734,,,,3269.0,-8539.0,300,2,148.946,3.546633445127542e-3
735,,,,3279.0,-8529.0,301,2,148.749,2.8917030624130194e-3
736,,,,3289.0,-8519.0,302,2,148.569,2.6468668391030135e-3
737,,,,3299.0,-8509.0,303,2,148.43,2.0479842600637232e-3
738,,,,3310.0,-8498.0,304,2,148.261,2.4957069155042435e-3
739,,,,3320.0,-8488.0,305,2,148.093,2.48560818607017e-3
740,,,,3330.0,-8478.0,306,2,147.94,2.2680378726886575e-3
741,,,,3340.0,-8468.0,307,2,147.836,1.5449600334122076e-3
742,,,,3351.0,-8457.0,308,2,147.634,3.0075558516006033e-3
743,,,,3361.0,-8447.0,309,2,147.527,1.5961943708251095e-3
744,,,,3371.0,-8437.0,310,2,147.372,2.3170652407281346e-3
745,,,,3381.0,-8427.0,311,2,147.156,3.2344468716461634e-3
746,,,,3391.0,-8417.0,312,2,146.96,2.9395240902403154e-3
747,,,,3402.0,-8406.0,313,2,146.753,3.1103003956840167e-3
748,,,,3412.0,-8396.0,314,2,146.52,3.505996974280674e-3
749,,,,3422.0,-8386.0,315,2,146.342,2.6824864882979286e-3
750,,,,3432.0,-8376.0,316,2,146.12,3.3507668552706514e-3
751,,,,3443.0,-8365.0,317,2,145.892,3.4470460093178217e-3
752,,,,3453.0,-8355.0,318,2,145.684,3.1490981642745457e-3
753,,,,3463.0,-8345.0,319,2,145.552,2.0019166517283296e-3
754,,,,3473.0,-8335.0,320,2,145.426,1.9147408136377963e-3
755,,,,3484.0,-8324.0,321,2,145.387,5.941978575912594e-4
757,,,,3504.0,-8304.0,323,2,145.285,1.5622192313035296e-3
759,,,,3524.0,-8284.0,325,2,145.209,1.169933482764406e-3
760,,,,3535.0,-8273.0,326,2,144.999,3.2396090592294647e-3
761,,,,3545.0,-8263.0,327,2,144.795,3.151449179500786e-3
762,,,,3555.0,-8253.0,328,2,144.638,2.429191849429574e-3
763,,,,3565.0,-8243.0,329,2,144.464,2.6967108981866073e-3
764,,,,3575.0,-8233.0,330,2,144.263,3.1198521524088392e-3
765,,,,3586.0,-8222.0,331,2,144.024,3.7154186487917237e-3
766,,,,3596.0,-8212.0,332,2,143.817,3.2219381186358222e-3
767,,,,3606.0,-8202.0,333,2,143.746,1.1071120774940066e-3
772,,,,3657.0,-8151.0,338,2,143.577,2.6702785612425783e-3
773,,,,3668.0,-8140.0,339,2,143.336,3.8139158605946053e-3
774,,,,3678.0,-8130.0,340,2,143.147,2.9946556897532256e-3
775,,,,3688.0,-8120.0,341,2,143.004,2.2693251667712973e-3
776,,,,3698.0,-8110.0,342,2,142.894,1.7488204411942442e-3
777,,,,3709.0,-8099.0,343,2,142.748,2.3259815527011066e-3
778,,,,3719.0,-8089.0,344,2,142.534,3.414199024249146e-3
779,,,,3729.0,-8079.0,345,2,142.4,2.1409965540718e-3
780,,,,3739.0,-8069.0,346,2,142.336,1.0245952320108646e-3
782,,,,3760.0,-8048.0,348,2,142.201,2.171875235355239e-3
783,,,,3770.0,-8038.0,349,2,142.075,2.0306103849472013e-3
785,,,,3790.0,-8018.0,351,2,141.971,1.6835876788857662e-3
786,,,,3801.0,-8007.0,352,2,141.773,3.211177101979869e-3
787,,,,3811.0,-7997.0,353,2,141.544,3.7181043757774724e-3
788,,,,3821.0,-7987.0,354,2,141.341,3.299571219680827e-3
789,,,,3831.0,-7977.0,355,2,141.12,3.5961469465198783e-3
790,,,,3842.0,-7966.0,356,2,140.907,3.4705808280369797e-3
791,,,,3852.0,-7956.0,357,2,140.655,4.109938964474532e-3
792,,,,3862.0,-7946.0,358,2,140.43,3.6728819462787396e-3
793,,,,3872.0,-7936.0,359,2,140.212,3.562205916350763e-3
794,,,,3882.0,-7926.0,360,2,140.006,3.3697159388392742e-3
795,,,,3893.0,-7915.0,361,2,139.769,3.8816481444091796e-3
796,,,,3903.0,-7905.0,362,2,139.513,4.196198016632375e-3
797,,,,3913.0,-7895.0,363,2,139.269,4.0025698101558696e-3
798,,,,3923.0,-7885.0,364,2,139.027,3.9729687582894194e-3
799,,,,3933.0,-7875.0,365,2,138.781,4.041832512948061e-3
800,,,,3943.0,-7865.0,366,2,138.527,4.176354965154867e-3
801,,,,3953.0,-7855.0,367,2,138.276,4.129959950632912e-3
802,,,,3963.0,-7845.0,368,2,138.031,4.034191926439195e-3
803,,,,3973.0,-7835.0,369,2,137.792,3.938414806084899e-3
804,,,,3983.0,-7825.0,370,2,137.552,3.957962517304062e-3
805,,,,3993.0,-7815.0,371,2,137.324,3.76309767659705e-3
806,,,,4003.0,-7805.0,372,2,137.117,3.4196325348003357e-3
807,,,,4013.0,-7795.0,373,2,136.911,3.4064799161939584e-3
808,,,,4023.0,-7785.0,374,2,136.717,3.2113438557520827e-3
809,,,,4033.0,-7775.0,375,2,136.513,3.38034699520216e-3
810,,,,4043.0,-7765.0,376,2,136.4,1.87491213484598e-3
813,,,,4073.0,-7735.0,379,2,136.286,1.9039547143163587e-3
815,,,,4093.0,-7715.0,381,2,136.158,2.146364486301108e-3
816,,,,4103.0,-7705.0,382,2,136.044,1.914574154059447e-3
819,,,,4133.0,-7675.0,385,2,135.941,1.7410935031788117e-3
820,,,,4143.0,-7665.0,386,2,135.743,3.351341603989249e-3
821,,,,4153.0,-7655.0,387,2,135.725,3.051599894639452e-4
822,,,,4163.0,-7645.0,388,2,135.653,1.2231734800984642e-3
823,,,,4173.0,-7635.0,389,2,135.461,3.266450413049962e-3
824,,,,4183.0,-7625.0,390,2,135.396,1.1074287570531096e-3
826,,,,4203.0,-7605.0,392,2,135.249,2.5144977109547474e-3
829,,,,4233.0,-7575.0,395,2,135.069,3.0972071331692775e-3
830,,,,4243.0,-7565.0,396,2,134.951,2.032944318579928e-3
834,,,,4283.0,-7525.0,400,2,134.851,1.7376717903743704e-3
835,,,,4293.0,-7515.0,401,2,134.683,2.9231980368138876e-3
836,,,,4303.0,-7505.0,402,2,134.572,1.9338937655227653e-3
837,,,,4313.0,-7495.0,403,2,134.543,5.061623910023927e-4
841,,,,4353.0,-7455.0,407,2,134.347,3.4497998687384093e-3
842,,,,4364.0,-7444.0,408,2,134.213,2.3615947799981198e-3
862,,,,4564.0,-7244.0,428,2,134.127,1.5838134038869485e-3
863,,,,4574.0,-7234.0,429,2,134.07,1.0514761909855553e-3
864,,,,4584.0,-7224.0,430,2,134.032,7.022678245352554e-4
865,,,,4594.0,-7214.0,431,2,133.963,1.277442275998042e-3
866,,,,4604.0,-7204.0,432,2,133.852,2.0581058309648626e-3
867,,,,4614.0,-7194.0,433,2,133.765,1.6154185008477272e-3
869,,,,4634.0,-7174.0,435,2,133.654,2.068453586706526e-3
870,,,,4644.0,-7164.0,436,2,133.593,1.1384380335259382e-3
871,,,,4654.0,-7154.0,437,2,133.557,6.73067421514507e-4
872,,,,4664.0,-7144.0,438,2,133.511,8.616139845369088e-4
873,,,,4674.0,-7134.0,439,2,133.429,1.5384760089845032e-3
874,,,,4684.0,-7124.0,440,2,133.41,3.5710366172768794e-4
875,,,,4694.0,-7114.0,441,2,133.258,2.8610937497988314e-3
877,,,,4714.0,-7094.0,443,2,133.182,1.435413766690291e-3
878,,,,4724.0,-7084.0,444,2,133.001,3.4224986927605186e-3
881,,,,4754.0,-7054.0,447,2,132.857,2.7368179806952202e-3
883,,,,4774.0,-7034.0,449,2,132.745,2.1355330152304465e-3
884,,,,4784.0,-7024.0,450,2,132.685,1.1456895190120695e-3
886,,,,4804.0,-7004.0,452,2,132.628,1.092473463060559e-3
887,,,,4814.0,-6994.0,453,2,132.469,3.051283320026993e-3
889,,,,4834.0,-6974.0,455,2,132.359,2.1175698440197626e-3
891,,,,4854.0,-6954.0,457,2,132.219,2.7036847321148926e-3
893,,,,4874.0,-6934.0,459,2,132.179,7.751365104921562e-4
894,,,,4884.0,-6924.0,460,2,131.973,3.996421535298177e-3
895,,,,4894.0,-6914.0,461,2,131.852,2.3493071141443213e-3
896,,,,4904.0,-6904.0,462,2,131.803,9.527019738138558e-4
897,,,,4914.0,-6894.0,463,2,131.638,3.2120106329195214e-3
898,,,,4924.0,-6884.0,464,2,131.494,2.8056191340437775e-3
899,,,,4934.0,-6874.0,465,2,131.474,3.9021733255672445e-4
903,,,,4974.0,-6834.0,469,2,131.438,7.079347034724754e-4
904,,,,4984.0,-6824.0,470,2,131.225,4.193059730417775e-3
905,,,,4994.0,-6814.0,471,2,131.022,3.997878730614353e-3
906,,,,5004.0,-6804.0,472,2,130.818,4.019369868049255e-3
907,,,,5014.0,-6794.0,473,2,130.609,4.119604905317107e-3
908,,,,5024.0,-6784.0,474,2,130.403,4.0621114731105605e-3
909,,,,5034.0,-6774.0,475,2,130.258,2.8610917309594423e-3
910,,,,5044.0,-6764.0,476,2,130.196,1.2248201167156427e-3
912,,,,5065.0,-6743.0,478,2,130.031,3.270320077319039e-3
913,,,,5075.0,-6733.0,479,2,129.844,3.708656984971272e-3
914,,,,5085.0,-6723.0,480,2,129.739,2.0841598021442997e-3
915,,,,5095.0,-6713.0,481,2,129.601,2.741999005405066e-3
916,,,,5105.0,-6703.0,482,2,129.394,4.115588864508733e-3
917,,,,5115.0,-6693.0,483,2,129.223,3.401522355867624e-3
918,,,,5125.0,-6683.0,484,2,129.11,2.249710898847916e-3
921,,,,5155.0,-6653.0,487,2,129.044,1.3207662888670556e-3
923,,,,5175.0,-6633.0,489,2,128.922,2.449103652855959e-3
924,,,,5185.0,-6623.0,490,2,128.913,1.809287790481016e-4
925,,,,5195.0,-6613.0,491,2,128.774,2.7981266852012e-3
927,,,,5215.0,-6593.0,493,2,128.647,2.563754988764903e-3
929,,,,5235.0,-6573.0,495,2,128.638,1.8228384224520475e-4
930,,,,5245.0,-6563.0,496,2,128.482,3.1635919514486966e-3
932,,,,5265.0,-6543.0,498,2,128.391,1.8506859902442626e-3
933,,,,5275.0,-6533.0,499,2,128.349,8.553420100824862e-4
934,,,,5285.0,-6523.0,500,2,128.34,1.8359856008503566e-4
935,,,,5295.0,-6513.0,501,2,128.201,2.839305081267426e-3
937,,,,5315.0,-6493.0,503,2,128.1,2.0689474260811025e-3
938,,,,5325.0,-6483.0,504,2,128.082,3.692455250519706e-4
939,,,,5335.0,-6473.0,505,2,128.002,1.6435441210480278e-3
940,,,,5345.0,-6463.0,506,2,127.998,8.230423410138786e-5
941,,,,5355.0,-6453.0,507,2,127.844,3.172682032515027e-3
943,,,,5375.0,-6433.0,509,2,127.719,2.582028138645762e-3
945,,,,5395.0,-6413.0,511,2,127.67,1.0152294989326852e-3
946,,,,5405.0,-6403.0,512,2,127.512,3.277006734014101e-3
948,,,,5425.0,-6383.0,514,2,127.396,2.4122133071154492e-3
949,,,,5435.0,-6373.0,515,2,127.215,3.766429108486123e-3
950,,,,5445.0,-6363.0,516,2,126.997,4.537586706142585e-3
951,,,,5455.0,-6353.0,517,2,126.8,4.1013041453495415e-3
952,,,,5465.0,-6343.0,518,2,126.561,4.97625175096567e-3
953,,,,5475.0,-6333.0,519,2,126.356,4.268649713843178e-3
954,,,,5485.0,-6323.0,520,2,126.152,4.248703779741532e-3
955,,,,5495.0,-6313.0,521,2,125.924,4.749069815794967e-3
956,,,,5505.0,-6303.0,522,2,125.705,4.561804208159399e-3
957,,,,5515.0,-6293.0,523,2,125.459,5.124040178910029e-3
958,,,,5525.0,-6283.0,524,2,125.241,4.540645759975475e-3
959,,,,5535.0,-6273.0,525,2,125.109,2.7505127586388554e-3
960,,,,5545.0,-6263.0,526,2,125.044,1.3557984541328009e-3
961,,,,5555.0,-6253.0,527,2,124.927,2.4430596128801356e-3
963,,,,5576.0,-6232.0,529,2,124.798,2.7011519082117113e-3
964,,,,5586.0,-6222.0,530,2,124.71,1.8443468154970984e-3
965,,,,5596.0,-6212.0,531,2,124.632,1.6365989147764666e-3
967,,,,5616.0,-6192.0,533,2,124.46,3.618177239891235e-3
968,,,,5626.0,-6182.0,534,2,124.292,3.5354939828577806e-3
970,,,,5646.0,-6162.0,536,2,124.171,2.552480779551896e-3
971,,,,5656.0,-6152.0,537,2,124.07,2.1324497119884576e-3
972,,,,5666.0,-6142.0,538,2,124.003,1.4161373695359733e-3
973,,,,5676.0,-6132.0,539,2,123.942,1.2909282010227226e-3
974,,,,5686.0,-6122.0,540,2,123.829,2.3939235889298784e-3
975,,,,5696.0,-6112.0,541,2,123.686,3.0316708860271234e-3
976,,,,5706.0,-6102.0,542,2,123.577,2.3125541514290165e-3
977,,,,5716.0,-6092.0,543,2,123.52,1.210623388987977e-3
978,,,,5726.0,-6082.0,544,2,123.507,2.7651177611274624e-4
980,,,,5746.0,-6062.0,546,2,123.481,5.548675599085956e-4
981,,,,5756.0,-6052.0,547,2,123.293,4.015619429537544e-3
982,,,,5766.0,-6042.0,548,2,123.07,4.763536493404751e-3
983,,,,5776.0,-6032.0,549,2,122.842,4.869857633808689e-3
984,,,,5786.0,-6022.0,550,2,122.636,4.399797996523506e-3
986,,,,5806.0,-6002.0,552,2,122.564,1.5413614944286547e-3
987,,,,5816.0,-5992.0,553,2,122.503,1.3074153479407766e-3
988,,,,5826.0,-5982.0,554,2,122.396,2.295703421081166e-3
989,,,,5836.0,-5972.0,555,2,122.302,2.0185897711963133e-3
990,,,,5846.0,-5962.0,556,2,122.183,2.5575992911308037e-3
992,,,,5866.0,-5942.0,558,2,122.082,2.1762019081965917e-3
993,,,,5876.0,-5932.0,559,2,122.019,1.358834005662176e-3
994,,,,5886.0,-5922.0,560,2,121.863,3.3674341794217e-3
995,,,,5896.0,-5912.0,561,2,121.656,4.469255504003673e-3
997,,,,5916.0,-5892.0,563,2,121.494,3.5042248530001508e-3
998,,,,5926.0,-5882.0,564,2,121.309,4.002781977090501e-3
999,,,,5936.0,-5872.0,565,2,121.238,1.5371726898709467e-3
1002,,,,5966.0,-5842.0,568,2,121.21,6.090239867871197e-4
1003,,,,5976.0,-5832.0,569,2,121.092,2.5693549592258704e-3
1004,,,,5986.0,-5822.0,570,2,120.89,4.399928868387881e-3
1005,,,,5996.0,-5812.0,571,2,120.707,3.986380619458215e-3
1006,,,,6006.0,-5802.0,572,2,120.522,4.030520036299594e-3
1007,,,,6016.0,-5792.0,573,2,120.387,2.9421792797373423e-3
1008,,,,6026.0,-5782.0,574,2,120.385,4.363546566202037e-5
1018,,,,6126.0,-5682.0,584,2,120.328,1.2639383909213364e-3
1019,,,,6136.0,-5672.0,585,2,120.183,3.2178278703154195e-3
1020,,,,6146.0,-5662.0,586,2,119.986,4.3727056487430985e-3
1021,,,,6156.0,-5652.0,587,2,119.798,4.17302678973323e-3
1022,,,,6166.0,-5642.0,588,2,119.651,3.2636861950145874e-3
1023,,,,6176.0,-5632.0,589,2,119.498,3.398144159700875e-3
1024,,,,6186.0,-5622.0,1,3,119.349,3.3104763262348635e-3
1025,,,,6187.0,-5621.0,2,3,119.334,3.330944331460809e-4
1026,,,,6188.0,-5620.0,3,3,119.319,3.3310639762667416e-4
1027,,,,6198.0,-5610.0,4,3,119.199,2.6676477878453514e-3
1028,,,,6208.0,-5600.0,5,3,118.998,4.469496121543628e-3
1029,,,,6218.0,-5590.0,6,3,118.795,4.513571569808826e-3
1030,,,,6229.0,-5579.0,7,3,118.639,3.4694477384247485e-3
1031,,,,6239.0,-5569.0,8,3,118.447,4.270676109339895e-3
1032,,,,6249.0,-5559.0,9,3,118.222,5.003903551239519e-3
1033,,,,6259.0,-5549.0,10,3,117.987,5.224488367118409e-3
1034,,,,6269.0,-5539.0,11,3,117.749,5.289025351027387e-3
1035,,,,6279.0,-5529.0,12,3,117.552,4.376782786874984e-3
1036,,,,6289.0,-5519.0,13,3,117.331,4.909078369318621e-3
1037,,,,6299.0,-5509.0,14,3,117.111,4.885446013522377e-3
1038,,,,6309.0,-5499.0,15,3,116.914,4.3738463160479055e-3
1039,,,,6319.0,-5489.0,16,3,116.775,3.086568626240842e-3
1040,,,,6329.0,-5479.0,17,3,116.558,4.818873280950911e-3
1041,,,,6339.0,-5469.0,18,3,116.332,5.017120633305095e-3
1042,,,,6349.0,-5459.0,19,3,116.139,4.283570623492937e-3
1043,,,,6359.0,-5449.0,20,3,116.136,6.663264608640701e-5
1044,,,,6369.0,-5439.0,21,3,116.029,2.3791744460154927e-3
1045,,,,6379.0,-5429.0,22,3,116.027,4.451946241101808e-5
1046,,,,6389.0,-5419.0,23,3,115.892,3.007997687464981e-3
1047,,,,6399.0,-5409.0,24,3,115.846,1.0257504307509336e-3
1048,,,,6409.0,-5399.0,25,3,115.841,1.1164427394711383e-4
1049,,,,6419.0,-5389.0,26,3,115.718,2.7492147428012856e-3
1051,,,,6439.0,-5369.0,28,3,115.687,6.945881490490432e-4
1053,,,,6459.0,-5349.0,30,3,115.605,1.842104485745029e-3
1054,,,,6469.0,-5339.0,31,3,115.497,2.4279465529156523e-3
1055,,,,6479.0,-5329.0,32,3,115.492,1.1252364571416526e-4
1056,,,,6489.0,-5319.0,33,3,115.452,9.014029203873806e-4
1057,,,,6499.0,-5309.0,34,3,115.285,3.7657784125298926e-3
1060,,,,6529.0,-5279.0,37,3,115.197,1.9913191317905824e-3
1062,,,,6549.0,-5259.0,39,3,115.086,2.5172964274224165e-3
1063,,,,6559.0,-5249.0,40,3,114.976,2.4960295275365117e-3
1064,,,,6569.0,-5239.0,41,3,114.762,4.856466338352578e-3
1065,,,,6579.0,-5229.0,42,3,114.548,4.854798015551547e-3
1066,,,,6589.0,-5219.0,43,3,114.343,4.649182525781298e-3
1067,,,,6599.0,-5209.0,44,3,114.137,4.67055026639893e-3
1068,,,,6609.0,-5199.0,45,3,113.932,4.646547519173485e-3
1069,,,,6619.0,-5189.0,46,3,113.727,4.64521241068702e-3
1070,,,,6629.0,-5179.0,47,3,113.531,4.440151435288106e-3
1071,,,,6639.0,-5169.0,48,3,113.344,4.2355072477201815e-3
1072,,,,6649.0,-5159.0,49,3,113.171,3.918085549495592e-3
1075,,,,6679.0,-5129.0,52,3,113.079,2.090558718829477e-3
1076,,,,6689.0,-5119.0,53,3,113.055,5.458996479261845e-4
1078,,,,6709.0,-5099.0,55,3,112.91,3.3055328822649997e-3
1079,,,,6719.0,-5089.0,56,3,112.739,3.898599981260548e-3
1080,,,,6729.0,-5079.0,57,3,112.542,4.490718491297362e-3
1081,,,,6739.0,-5069.0,58,3,112.331,4.808279858119976e-3
1082,,,,6749.0,-5059.0,59,3,112.124,4.715346042109443e-3
1083,,,,6759.0,-5049.0,60,3,111.908,4.918365112418823e-3
1084,,,,6769.0,-5039.0,61,3,111.706,4.597792690857375e-3
1085,,,,6779.0,-5029.0,62,3,111.483,5.073618344683571e-3
1086,,,,6789.0,-5019.0,63,3,111.335,3.3666061113207563e-3
1087,,,,6799.0,-5009.0,64,3,111.233,2.3210390532184383e-3
1090,,,,6829.0,-4979.0,67,3,111.126,2.443262415476715e-3
1091,,,,6840.0,-4968.0,68,3,110.981,3.312537944713756e-3
1093,,,,6860.0,-4948.0,70,3,110.917,1.4649809901640931e-3
1095,,,,6880.0,-4928.0,72,3,110.861,1.2849003268439769e-3
1096,,,,6890.0,-4918.0,73,3,110.847,3.2159044268871014e-4
1097,,,,6900.0,-4908.0,74,3,110.812,8.049650348122683e-4
1099,,,,6920.0,-4888.0,76,3,110.686,2.9041628149391904e-3
1100,,,,6930.0,-4878.0,77,3,110.487,4.586621805918648e-3
1101,,,,6940.0,-4868.0,78,3,110.306,4.170593455897106e-3
1102,,,,6950.0,-4858.0,79,3,110.225,1.8668695922245124e-3
1104,,,,6970.0,-4838.0,81,3,110.157,1.570696668226991e-3
1106,,,,6990.0,-4818.0,83,3,110.113,1.0187314544855522e-3
1108,,,,7010.0,-4798.0,85,3,109.972,3.271162254453417e-3
1110,,,,7030.0,-4778.0,87,3,109.951,4.882247397315651e-4
1111,,,,7040.0,-4768.0,88,3,109.801,3.489564790244543e-3
1112,,,,7050.0,-4758.0,89,3,109.713,2.0478989549694176e-3
1113,,,,7060.0,-4748.0,90,3,109.538,4.073416744078077e-3
1115,,,,7080.0,-4728.0,92,3,109.437,2.3546354497007965e-3
1117,,,,7100.0,-4708.0,94,3,109.328,2.5458757198341974e-3
1119,,,,7120.0,-4688.0,96,3,109.236,2.152885649407527e-3
1121,,,,7140.0,-4668.0,98,3,109.224,2.8146597248411803e-4
1122,,,,7150.0,-4658.0,99,3,109.156,1.5966228039211111e-3
1123,,,,7160.0,-4648.0,100,3,109.08,1.7857782091954058e-3
1125,,,,7180.0,-4628.0,102,3,109.036,1.036189428121397e-3
1126,,,,7190.0,-4618.0,103,3,108.917,2.8042273108410203e-3
1128,,,,7210.0,-4598.0,105,3,108.895,5.195343416224489e-4
1129,,,,7220.0,-4588.0,106,3,108.684,4.984379956408309e-3
1130,,,,7230.0,-4578.0,107,3,108.466,5.146703344380398e-3
1131,,,,7240.0,-4568.0,108,3,108.403,1.487479894230555e-3
1132,,,,7250.0,-4558.0,109,3,108.367,8.507739753167539e-4
1133,,,,7260.0,-4548.0,110,3,108.162,4.845973820553549e-3
1134,,,,7270.0,-4538.0,111,3,107.943,5.173897880429588e-3
1135,,,,7280.0,-4528.0,112,3,107.72,5.264854775858563e-3
1136,,,,7290.0,-4518.0,113,3,107.473,5.826760042242638e-3
1137,,,,7300.0,-4508.0,114,3,107.215,6.080297762764155e-3
1138,,,,7310.0,-4498.0,115,3,106.977,5.6036640640733685e-3
1139,,,,7320.0,-4488.0,116,3,106.717,6.115771758631771e-3
1140,,,,7330.0,-4478.0,117,3,106.442,6.461224843845528e-3
1141,,,,7340.0,-4468.0,118,3,106.164,6.523653477433383e-3
1142,,,,7350.0,-4458.0,119,3,105.894,6.328201160060832e-3
1143,,,,7360.0,-4448.0,120,3,105.638,5.993332425848618e-3
1144,,,,7370.0,-4438.0,121,3,105.433,4.795395465862428e-3
1147,,,,7400.0,-4408.0,124,3,105.424,2.1117220954657159e-4
1148,,,,7410.0,-4398.0,125,3,105.247,4.154997269846793e-3
1151,,,,7441.0,-4367.0,128,3,105.117,3.0599940970512164e-3
1152,,,,7451.0,-4357.0,129,3,104.933,4.330415653370368e-3
1154,,,,7471.0,-4337.0,131,3,104.716,5.110998778267816e-3
1157,,,,7501.0,-4307.0,134,3,104.544,4.0598346420095575e-3
1158,,,,7511.0,-4297.0,135,3,104.234,7.31002227620134e-3
1159,,,,7521.0,-4287.0,136,3,103.944,6.827833626364863e-3
1160,,,,7531.0,-4277.0,137,3,103.642,7.099571915184584e-3
1161,,,,7541.0,-4267.0,138,3,103.331,7.299238194831749e-3
1162,,,,7551.0,-4257.0,139,3,103.022,7.240161412395395e-3
1163,,,,7561.0,-4247.0,140,3,102.731,6.807582527114819e-3
1164,,,,7571.0,-4237.0,141,3,102.453,6.494056245683196e-3
1165,,,,7581.0,-4227.0,142,3,102.208,5.716131148333374e-3
1166,,,,7591.0,-4217.0,143,3,101.949,6.035837549167203e-3
1167,,,,7601.0,-4207.0,144,3,101.685,6.144682723492065e-3
1168,,,,7611.0,-4197.0,145,3,101.424,6.067166437443592e-3
1169,,,,7621.0,-4187.0,146,3,101.171,5.874024009646018e-3
1170,,,,7631.0,-4177.0,147,3,100.904,6.191270999942585e-3
1171,,,,7641.0,-4167.0,148,3,100.618,6.622366454335019e-3
1172,,,,7651.0,-4157.0,149,3,100.334,6.566037921143167e-3
1173,,,,7661.0,-4147.0,150,3,100.07,6.094951955135624e-3
1174,,,,7671.0,-4137.0,151,3,99.792,6.409165988811321e-3
1175,,,,7681.0,-4127.0,152,3,99.523,6.192764156052945e-3
1176,,,,7691.0,-4117.0,153,3,99.267,5.8856146229461104e-3
1177,,,,7701.0,-4107.0,154,3,99.006,5.992743923281698e-3
1178,,,,7711.0,-4097.0,155,3,98.749,5.893127143611278e-3
1179,,,,7721.0,-4087.0,156,3,98.499,5.725332073756992e-3
1180,,,,7731.0,-4077.0,157,3,98.251,5.672527458314559e-3
1181,,,,7741.0,-4067.0,158,3,98.036,4.912488836553153e-3
1182,,,,7751.0,-4057.0,159,3,97.805,5.27287949884822e-3
1183,,,,7761.0,-4047.0,160,3,97.564,5.494964502775997e-3
1184,,,,7771.0,-4037.0,161,3,97.29,6.238947181682727e-3
1185,,,,7781.0,-4027.0,162,3,97.01,6.365620723674548e-3
1186,,,,7791.0,-4017.0,163,3,96.792,4.9497408809122765e-3
1187,,,,7801.0,-4007.0,164,3,96.595,4.469081678038288e-3
1189,,,,7821.0,-3987.0,166,3,96.435,3.6322989978757863e-3
1190,,,,7831.0,-3977.0,167,3,96.332,2.338092285278352e-3
1192,,,,7851.0,-3957.0,169,3,96.216,2.636917182906154e-3
1193,,,,7861.0,-3947.0,170,3,96.075,3.205017303539826e-3
1195,,,,7882.0,-3926.0,172,3,95.954,2.7539949073444566e-3
1196,,,,7892.0,-3916.0,173,3,95.827,2.890486118580025e-3
1197,,,,7902.0,-3906.0,174,3,95.813,3.1880544838524665e-4
1198,,,,7912.0,-3896.0,175,3,95.784,6.610700668661668e-4
1199,,,,7922.0,-3886.0,176,3,95.663,2.759581884612431e-3
1201,,,,7942.0,-3866.0,178,3,95.547,2.6489452682298205e-3
1202,,,,7952.0,-3856.0,179,3,95.517,6.854108948443188e-4
1203,,,,7962.0,-3846.0,180,3,95.464,1.2118886484984378e-3
1204,,,,7972.0,-3836.0,181,3,95.452,2.7464100165978836e-4
1205,,,,7982.0,-3826.0,182,3,95.392,1.3744090180958664e-3
1206,,,,7992.0,-3816.0,183,3,95.217,4.008772758213699e-3
1208,,,,8012.0,-3796.0,185,3,95.092,2.866056796347574e-3
1209,,,,8022.0,-3786.0,186,3,94.86,5.316049605365226e-3
1210,,,,8032.0,-3776.0,187,3,94.603,5.881061819203604e-3
1211,,,,8042.0,-3766.0,188,3,94.32,6.465615128725405e-3
1212,,,,8052.0,-3756.0,189,3,94.065,5.816540786957766e-3
1213,,,,8062.0,-3746.0,190,3,93.764,6.8540370452897645e-3
1214,,,,8072.0,-3736.0,191,3,93.451,7.112800777190824e-3
1215,,,,8082.0,-3726.0,192,3,93.134,7.188352187588544e-3
1216,,,,8092.0,-3716.0,193,3,92.812,7.285730420842582e-3
1217,,,,8102.0,-3706.0,194,3,92.513,6.751059686634652e-3
1218,,,,8112.0,-3696.0,195,3,92.215,6.715083942996881e-3
1219,,,,8122.0,-3686.0,196,3,91.924,6.544496896871167e-3
1220,,,,8132.0,-3676.0,197,3,91.631,6.576665009240438e-3
1221,,,,8142.0,-3666.0,198,3,91.325,6.854467046206417e-3
1222,,,,8152.0,-3656.0,199,3,91.015,6.92918771866237e-3
1223,,,,8162.0,-3646.0,200,3,90.705,6.914097891288999e-3
1224,,,,8172.0,-3636.0,201,3,90.422,6.299012919879596e-3
1225,,,,8182.0,-3626.0,202,3,90.16,5.821162685728176e-3
1226,,,,8192.0,-3616.0,203,3,89.895,5.877809617726379e-3
1227,,,,8202.0,-3606.0,204,3,89.644,5.558105679517056e-3
1228,,,,8212.0,-3596.0,205,3,89.419,4.975214697962427e-3
1229,,,,8222.0,-3586.0,206,3,89.219,4.417289140271843e-3
1230,,,,8232.0,-3576.0,207,3,89.031,4.148272344843513e-3
1231,,,,8242.0,-3566.0,208,3,88.972,1.3016267200967047e-3
1232,,,,8252.0,-3556.0,209,3,88.97,4.416133505374843e-5
1233,,,,8262.0,-3546.0,210,3,88.851,2.628994708199582e-3
1234,,,,8272.0,-3536.0,211,3,88.674,3.908569377237521e-3
1235,,,,8282.0,-3526.0,212,3,88.418,5.646101040491235e-3
1236,,,,8293.0,-3515.0,213,3,88.162,5.637254667283485e-3
1237,,,,8303.0,-3505.0,214,3,87.915,5.430116321545279e-3
1238,,,,8313.0,-3495.0,215,3,87.618,6.516996936231857e-3
1239,,,,8323.0,-3485.0,216,3,87.334,6.218586188141651e-3
1240,,,,8333.0,-3475.0,217,3,87.036,6.511243323490854e-3
1241,,,,8343.0,-3465.0,218,3,86.759,6.039678235662439e-3
1242,,,,8353.0,-3455.0,219,3,86.492,5.810372885161196e-3
1243,,,,8363.0,-3445.0,220,3,86.21,6.124675501377086e-3
1244,,,,8373.0,-3435.0,221,3,85.924,6.19852413992493e-3
1245,,,,8383.0,-3425.0,222,3,85.636,6.228486151304864e-3
1246,,,,8393.0,-3415.0,223,3,85.36,5.956439955435384e-3
1247,,,,8403.0,-3405.0,224,3,85.084,5.944285703649209e-3
1248,,,,8413.0,-3395.0,225,3,84.798,6.14665445190916e-3
1249,,,,8423.0,-3385.0,226,3,84.51,6.176056773925344e-3
1250,,,,8433.0,-3375.0,227,3,84.223,6.140992074451355e-3
1251,,,,8443.0,-3365.0,228,3,83.965,5.509167960593885e-3
1252,,,,8453.0,-3355.0,229,3,83.7,5.647726639053796e-3
1253,,,,8463.0,-3345.0,230,3,83.422,5.912583305625447e-3
1254,,,,8473.0,-3335.0,231,3,83.159,5.582039835259147e-3
1255,,,,8483.0,-3325.0,232,3,82.912,5.2325662142245506e-3
1256,,,,8493.0,-3315.0,233,3,82.661,5.30760842789535e-3
1257,,,,8503.0,-3305.0,234,3,82.423,5.023757078579325e-3
1258,,,,8513.0,-3295.0,235,3,82.201,4.678463756433237e-3
1259,,,,8523.0,-3285.0,236,3,82.065,2.8632125590798605e-3
1261,,,,8543.0,-3265.0,238,3,81.934,2.7599258462752962e-3
1263,,,,8563.0,-3245.0,240,3,81.832,2.1509205503455415e-3
1264,,,,8573.0,-3235.0,241,3,81.585,5.203571449083024e-3
1265,,,,8583.0,-3225.0,242,3,81.338,5.19389273015794e-3
1266,,,,8593.0,-3215.0,243,3,81.081,5.3937309482085805e-3
1267,,,,8603.0,-3205.0,244,3,80.835,5.152871449318155e-3
1268,,,,8613.0,-3195.0,245,3,80.576,5.414543549272532e-3
1269,,,,8623.0,-3185.0,246,3,80.292,5.9240798034122e-3
1270,,,,8633.0,-3175.0,247,3,80.011,5.847688397334847e-3
1271,,,,8643.0,-3165.0,248,3,79.737,5.6888570000714e-3
1272,,,,8653.0,-3155.0,249,3,79.48,5.324315414161305e-3
1273,,,,8664.0,-3144.0,250,3,79.209,5.602850953313672e-3
1274,,,,8674.0,-3134.0,251,3,78.901,6.351904861887525e-3
1275,,,,8684.0,-3124.0,252,3,78.618,5.8212159150316046e-3
1276,,,,8694.0,-3114.0,253,3,78.329,5.929867767623659e-3
1277,,,,8704.0,-3104.0,254,3,78.071,5.281409577937576e-3
1278,,,,8714.0,-3094.0,255,3,77.812,5.290425300534081e-3
1279,,,,8724.0,-3084.0,256,3,77.526,5.828192812150648e-3
1280,,,,8734.0,-3074.0,257,3,77.23,6.016264290053724e-3
1281,,,,8744.0,-3064.0,258,3,76.963,5.413281106714678e-3
1282,,,,8754.0,-3054.0,259,3,76.693,5.461278718317527e-3
1283,,,,8764.0,-3044.0,260,3,76.411,5.690003402799048e-3
1284,,,,8774.0,-3034.0,261,3,76.129,5.6755112923620845e-3
1285,,,,8784.0,-3024.0,262,3,75.872,5.159960858464046e-3
1286,,,,8794.0,-3014.0,263,3,75.615,5.148366566444628e-3
1287,,,,8804.0,-3004.0,264,3,75.382,4.657778001735373e-3
1288,,,,8814.0,-2994.0,265,3,75.174,4.150581639777365e-3
1289,,,,8824.0,-2984.0,266,3,75.039,2.69079925876899e-3
1291,,,,8844.0,-2964.0,268,3,74.951,1.7553681853593479e-3
1292,,,,8854.0,-2954.0,269,3,74.915,7.183227910374137e-4
1293,,,,8864.0,-2944.0,270,3,74.874,8.185930200239379e-4
1294,,,,8874.0,-2934.0,271,3,74.667,4.130708630158534e-3
1295,,,,8884.0,-2924.0,272,3,74.489,3.5468579210359958e-3
1297,,,,8904.0,-2904.0,274,3,74.37,2.3718199710797286e-3
1298,,,,8914.0,-2894.0,275,3,74.114,5.095264871074767e-3
1299,,,,8924.0,-2884.0,276,3,73.839,5.459973599340316e-3
1300,,,,8934.0,-2874.0,277,3,73.57,5.3271722528966635e-3
1301,,,,8944.0,-2864.0,278,3,73.288,5.569972102121028e-3
1302,,,,8954.0,-2854.0,279,3,73.021,5.2598566116959546e-3
1303,,,,8964.0,-2844.0,280,3,72.765,5.030743155827672e-3
1304,,,,8974.0,-2834.0,281,3,72.489,5.4100061617392845e-3
1305,,,,8984.0,-2824.0,282,3,72.221,5.239352186491735e-3
1306,,,,8994.0,-2814.0,283,3,71.966,4.9727162808226345e-3
1307,,,,9004.0,-2804.0,284,3,71.703,5.115979733364125e-3
1308,,,,9015.0,-2793.0,285,3,71.437,5.1615827254957135e-3
1309,,,,9025.0,-2783.0,286,3,71.159,5.379895765086361e-3
1310,,,,9035.0,-2773.0,287,3,70.879,5.4033767332448595e-3
1311,,,,9045.0,-2763.0,288,3,70.617,5.042298325997792e-3
1312,,,,9055.0,-2753.0,289,3,70.323,5.642149167731981e-3
1313,,,,9065.0,-2743.0,290,3,70.06,5.032833786365238e-3
1314,,,,9075.0,-2733.0,291,3,69.825,4.486009147586501e-3
1315,,,,9085.0,-2723.0,292,3,69.583,4.608955404530513e-3
1316,,,,9095.0,-2713.0,293,3,69.331,4.787665200582775e-3
1317,,,,9105.0,-2703.0,294,3,69.047,5.380713288077994e-3
1318,,,,9115.0,-2693.0,295,3,68.766,5.307960610583163e-3
1319,,,,9125.0,-2683.0,296,3,68.492,5.160545530162422e-3
1320,,,,9135.0,-2673.0,297,3,68.246,4.6206959686090525e-3
1321,,,,9145.0,-2663.0,298,3,68.071,3.2805471943388575e-3
1322,,,,9155.0,-2653.0,299,3,67.873,3.7055962223561502e-3
1323,,,,9165.0,-2643.0,300,3,67.653,4.109152718078414e-3
1324,,,,9175.0,-2633.0,301,3,67.437,4.025849518380991e-3
1325,,,,9185.0,-2623.0,302,3,67.19,4.592855625266986e-3
1326,,,,9195.0,-2613.0,303,3,66.967,4.136608750986457e-3
1327,,,,9205.0,-2603.0,304,3,66.808,2.9442208809943933e-3
1328,,,,9215.0,-2593.0,305,3,66.669,2.570934951395294e-3
1329,,,,9225.0,-2583.0,306,3,66.549,2.2176093389273664e-3
1330,,,,9235.0,-2573.0,307,3,66.447,1.8838666699387968e-3
1331,,,,9245.0,-2563.0,308,3,66.366,1.4955709911295498e-3
1335,,,,9285.0,-2523.0,312,3,66.317,9.077531868258528e-4
1337,,,,9305.0,-2503.0,314,3,66.298,3.5256333019023086e-4
1338,,,,9315.0,-2493.0,315,3,66.201,1.800286835471162e-3
1341,,,,9345.0,-2463.0,318,3,66.19,2.0464680330440932e-4
1342,,,,9355.0,-2453.0,319,3,65.989,3.7374623190969737e-3
1343,,,,9365.0,-2443.0,320,3,65.884,1.9499679738097227e-3
1346,,,,9395.0,-2413.0,323,3,65.785,1.841577617460096e-3
1347,,,,9405.0,-2403.0,324,3,65.566,4.068279758632622e-3
1348,,,,9415.0,-2393.0,325,3,65.504,1.1505084823843312e-3
1349,,,,9425.0,-2383.0,326,3,65.481,4.2697777621334906e-4
1350,,,,9435.0,-2373.0,327,3,65.432,9.101129027867239e-4
1351,,,,9445.0,-2363.0,328,3,65.382,9.289678924064211e-4
1352,,,,9455.0,-2353.0,329,3,65.269,2.099071473049247e-3
1354,,,,9476.0,-2332.0,331,3,65.186,1.5429021535773308e-3
1356,,,,9496.0,-2312.0,333,3,65.125,1.1350791078804279e-3
1357,,,,9506.0,-2302.0,334,3,64.956,3.1424826831152205e-3
1358,,,,9516.0,-2292.0,335,3,64.954,3.7179326942620354e-5
1360,,,,9536.0,-2272.0,337,3,64.858,1.7870093638946084e-3
1361,,,,9546.0,-2262.0,338,3,64.792,1.2283224750165517e-3
1362,,,,9556.0,-2252.0,339,3,64.783,1.6757698779900883e-4
1364,,,,9576.0,-2232.0,341,3,64.66,2.2926741282782567e-3
1366,,,,9596.0,-2212.0,343,3,64.648,2.2390891813351267e-4
1367,,,,9606.0,-2202.0,344,3,64.572,1.418601526888726e-3
1368,,,,9616.0,-2192.0,345,3,64.545,5.040993730023461e-4
1369,,,,9626.0,-2182.0,346,3,64.334,3.936270921491984e-3
1370,,,,9636.0,-2172.0,347,3,64.097,4.4105171294000324e-3
1371,,,,9646.0,-2162.0,348,3,63.844,4.695177673104014e-3
1372,,,,9656.0,-2152.0,349,3,63.712,2.444818323137139e-3
1374,,,,9676.0,-2132.0,351,3,63.544,3.1106985098451278e-3
1376,,,,9696.0,-2112.0,353,3,63.391,2.8316523756772125e-3
1378,,,,9716.0,-2092.0,355,3,63.303,1.6289236842883129e-3
1379,,,,9726.0,-2082.0,356,3,63.299,7.406437029345194e-5
1380,,,,9736.0,-2072.0,357,3,63.183,2.1480371610633825e-3
1381,,,,9746.0,-2062.0,358,3,62.961,4.104124166004355e-3
1382,,,,9756.0,-2052.0,359,3,62.742,4.0386485403412055e-3
1383,,,,9766.0,-2042.0,360,3,62.529,3.918513788758931e-3
1384,,,,9777.0,-2031.0,361,3,62.281,4.550731276142955e-3
1385,,,,9787.0,-2021.0,362,3,62.038,4.445983858970691e-3
1386,,,,9797.0,-2011.0,363,3,61.814,4.087131981449695e-3
1387,,,,9807.0,-2001.0,364,3,61.564,4.548711801381489e-3
1388,,,,9817.0,-1991.0,365,3,61.277,5.204494364404915e-3
1389,,,,9827.0,-1981.0,366,3,60.991,5.16742651282194e-3
1390,,,,9837.0,-1971.0,367,3,60.687,5.4717069457983466e-3
1391,,,,9847.0,-1961.0,368,3,60.437,4.483825089845426e-3
1392,,,,9857.0,-1951.0,369,3,60.225,3.791627362546018e-3
1393,,,,9867.0,-1941.0,370,3,60.179,8.217853345119688e-4
1394,,,,9877.0,-1931.0,371,3,60.175,7.150231212295852e-5
1395,,,,9887.0,-1921.0,372,3,60.039,2.4307091862736346e-3
1396,,,,9897.0,-1911.0,373,3,59.94,1.7677405098172221e-3
1397,,,,9907.0,-1901.0,374,3,59.921,3.3927211980340613e-4
1398,,,,9917.0,-1891.0,375,3,59.754,2.9804012179800196e-3
1400,,,,9937.0,-1871.0,377,3,59.599,2.764361522633327e-3
1401,,,,9947.0,-1861.0,378,3,59.474,2.2263320493348415e-3
1402,,,,9957.0,-1851.0,379,3,59.465,1.6027648558851346e-4
1403,,,,9967.0,-1841.0,380,3,59.272,3.4346489159962825e-3
1405,,,,9987.0,-1821.0,382,3,59.22,9.253412764981512e-4
1406,,,,9997.0,-1811.0,383,3,59.014,3.661455891567615e-3
1407,,,,10007.0,-1801.0,384,3,58.828,3.2983099154885918e-3
1408,,,,10017.0,-1791.0,385,3,58.814,2.4808620764896525e-4
1409,,,,10027.0,-1781.0,386,3,58.58,4.1419732019679625e-3
1410,,,,10037.0,-1771.0,387,3,58.344,4.164799542475343e-3
1411,,,,10047.0,-1761.0,388,3,58.091,4.450563302748211e-3
1412,,,,10057.0,-1751.0,389,3,57.828,4.6105563703485175e-3
1413,,,,10068.0,-1740.0,390,3,57.556,4.75151618668876e-3
1414,,,,10078.0,-1730.0,391,3,57.289,4.646995149272554e-3
1415,,,,10088.0,-1720.0,392,3,57.019,4.6818767369987925e-3
1416,,,,10098.0,-1710.0,393,3,56.764,4.405826985609326e-3
1417,,,,10108.0,-1700.0,394,3,56.484,4.819792229977134e-3
1418,,,,10118.0,-1690.0,395,3,56.188,5.0743088965127855e-3
1419,,,,10128.0,-1680.0,396,3,55.914,4.6780205796028386e-3
1420,,,,10138.0,-1670.0,397,3,55.638,4.693677452063769e-3
1421,,,,10148.0,-1660.0,398,3,55.375,4.455378018443828e-3
1422,,,,10158.0,-1650.0,399,3,55.115,4.38812551863946e-3
1423,,,,10168.0,-1640.0,400,3,54.827,4.841346538612947e-3
1424,,,,10178.0,-1630.0,401,3,54.537,4.854106966328266e-3
1425,,,,10188.0,-1620.0,402,3,54.274,4.384216559004023e-3
1426,,,,10198.0,-1610.0,403,3,54.025,4.135359907195346e-3
1427,,,,10208.0,-1600.0,404,3,53.774,4.15339873845806e-3
1428,,,,10218.0,-1590.0,405,3,53.515,4.2696804361958135e-3
1429,,,,10228.0,-1580.0,406,3,53.263,4.1385437808259705e-3
1430,,,,10238.0,-1570.0,407,3,53.02,3.9761221241595415e-3
1431,,,,10248.0,-1560.0,408,3,52.771,4.059398602439579e-3
1432,,,,10258.0,-1550.0,409,3,52.51,4.238651544753425e-3
1433,,,,10268.0,-1540.0,410,3,52.216,4.754033285136779e-3
1434,,,,10278.0,-1530.0,411,3,51.909,4.940563833908787e-3
1435,,,,10288.0,-1520.0,412,3,51.614,4.724592238711362e-3
1436,,,,10298.0,-1510.0,413,3,51.339,4.3842882465802e-3
1437,,,,10308.0,-1500.0,414,3,51.054,4.523390161390804e-3
1438,,,,10318.0,-1490.0,415,3,50.795,4.092856975631771e-3
1439,,,,10328.0,-1480.0,416,3,50.58,3.3850108733302323e-3
1440,,,,10338.0,-1470.0,417,3,50.548,5.030746528067949e-4
1443,,,,10368.0,-1440.0,420,3,50.54,1.260837425189018e-4
1444,,,,10378.0,-1430.0,421,3,50.453,1.371193367122266e-3
1446,,,,10398.0,-1410.0,423,3,50.342,1.749388602633088e-3
1448,,,,10418.0,-1390.0,425,3,50.247,1.4970384699483632e-3
1449,,,,10428.0,-1380.0,426,3,50.231,2.5209631574265196e-4
1450,,,,10438.0,-1370.0,427,3,50.137,1.4808631560300524e-3
1451,,,,10449.0,-1359.0,428,3,50.047,1.4167398759941073e-3
1453,,,,10469.0,-1339.0,430,3,50.02,4.253381673534306e-4
1454,,,,10479.0,-1329.0,431,3,49.989,4.885343783600891e-4
1455,,,,10489.0,-1319.0,432,3,49.894,1.4966621661353938e-3
1456,,,,10500.0,-1308.0,433,3,49.884,1.5754281644031433e-4
1457,,,,10510.0,-1298.0,434,3,49.779,1.6538666229382513e-3
1459,,,,10530.0,-1278.0,436,3,49.648,2.0624266611513637e-3
1461,,,,10551.0,-1257.0,438,3,49.527,1.9039507674790664e-3
1462,,,,10561.0,-1247.0,439,3,49.251,4.329610866627322e-3
1463,,,,10571.0,-1237.0,440,3,49.001,3.904559027762598e-3
1464,,,,10581.0,-1227.0,441,3,48.725,4.29161180510396e-3
1465,,,,10591.0,-1217.0,442,3,48.448,4.28683590533558e-3
1466,,,,10602.0,-1206.0,443,3,48.122,5.01905717526622e-3
1467,,,,10612.0,-1196.0,444,3,47.813,4.730502891671477e-3
1468,,,,10622.0,-1186.0,445,3,47.502,4.734808842290246e-3
1469,,,,10632.0,-1176.0,446,3,47.202,4.5423339164656525e-3
1470,,,,10643.0,-1165.0,447,3,46.918,4.277980812701196e-3
1471,,,,10653.0,-1155.0,448,3,46.6,4.763967269111329e-3
1472,,,,10663.0,-1145.0,449,3,46.304,4.409405555777451e-3
1473,,,,10673.0,-1135.0,450,3,46.033,4.016114372511474e-3
1474,,,,10683.0,-1125.0,451,3,45.995,5.6178652821677e-4
1475,,,,10694.0,-1114.0,452,3,45.828,2.4659407663312556e-3
1477,,,,10714.0,-1094.0,454,3,45.71,1.7402417371971204e-3
1479,,,,10735.0,-1073.0,456,3,45.536,2.562947109221846e-3
1481,,,,10755.0,-1053.0,458,3,45.372,2.411186912588953e-3
1483,,,,10776.0,-1032.0,460,3,45.152,3.2271452368892862e-3
1484,,,,10786.0,-1022.0,461,3,45.144,1.1716379402236208e-4
1485,,,,10796.0,-1012.0,462,3,45.014,1.9027643631653482e-3
1487,,,,10816.0,-992.0,464,3,44.896,1.7255644911954007e-3
1488,,,,10827.0,-981.0,465,3,44.8,1.4019320279601063e-3
1489,,,,10837.0,-971.0,466,3,44.707,1.3565116713103063e-3
1491,,,,10857.0,-951.0,468,3,44.608,1.4435902715546275e-3
1492,,,,10868.0,-940.0,469,3,44.371,3.4463549765753753e-3
1493,,,,10878.0,-930.0,470,3,44.073,4.311299623068296e-3
1494,,,,10888.0,-920.0,471,3,43.791,4.056791641929467e-3
1495,,,,10898.0,-910.0,472,3,43.5,4.162783006484955e-3
1496,,,,10908.0,-900.0,473,3,43.225,3.911980157582213e-3
1497,,,,10919.0,-889.0,474,3,42.923,4.2717863138918575e-3
1498,,,,10929.0,-879.0,475,3,42.653,3.7972630611273336e-3
1499,,,,10939.0,-869.0,476,3,42.382,3.7906976054651854e-3
1500,,,,10949.0,-859.0,477,3,42.077,4.241258488256134e-3
1501,,,,10959.0,-849.0,478,3,41.775,4.173167410804614e-3
1502,,,,10970.0,-838.0,479,3,41.473,4.14726599465115e-3
1503,,,,10980.0,-828.0,480,3,41.206,3.644880786390017e-3
1504,,,,10990.0,-818.0,481,3,40.928,3.7734619394110946e-3
1505,,,,11000.0,-808.0,482,3,40.646,3.8051174265117e-3
1506,,,,11010.0,-798.0,483,3,40.36,3.8357036996152553e-3
1507,,,,11021.0,-787.0,484,3,40.047,4.170937771512026e-3
1508,,,,11031.0,-777.0,485,3,39.786,3.4563073372143797e-3
1509,,,,11041.0,-767.0,486,3,39.519,3.5155619261376934e-3
1510,,,,11051.0,-757.0,487,3,39.25,3.521143321500113e-3
1511,,,,11062.0,-746.0,488,3,38.982,3.4876058137750924e-3
1512,,,,11072.0,-736.0,489,3,38.66,4.1624897247193645e-3
1513,,,,11082.0,-726.0,490,3,38.367,3.7609993763380195e-3
1514,,,,11092.0,-716.0,491,3,38.082,3.6341348760663456e-3
1515,,,,11102.0,-706.0,492,3,37.798,3.597670598134857e-3
1516,,,,11113.0,-695.0,493,3,37.52,3.4990439793264137e-3
1517,,,,11123.0,-685.0,494,3,37.272,3.102439180826062e-3
1518,,,,11133.0,-675.0,495,3,36.997,3.4192195732512154e-3
1519,,,,11143.0,-665.0,496,3,36.716,3.470779700517857e-3
1520,,,,11154.0,-654.0,497,3,36.435,3.447718023310919e-3
1521,,,,11164.0,-644.0,498,3,36.232,2.4764388495247544e-3
1523,,,,11185.0,-623.0,500,3,36.084,1.8001413651040814e-3
1525,,,,11205.0,-603.0,502,3,35.948,1.650633877258973e-3
1527,,,,11226.0,-582.0,504,3,35.811,1.659573512408343e-3
1528,,,,11236.0,-572.0,505,3,35.805,7.260182756626673e-5
1529,,,,11246.0,-562.0,506,3,35.647,1.9091676523076587e-3
1531,,,,11267.0,-541.0,508,3,35.583,7.723705824866222e-4
1532,,,,11277.0,-531.0,509,3,35.339,2.9345322902019255e-3
1533,,,,11287.0,-521.0,510,3,35.151,2.249253456504768e-3
1535,,,,11308.0,-500.0,512,3,35.036,1.372507832814038e-3
1536,,,,11318.0,-490.0,513,3,34.78,3.041859352381626e-3
1537,,,,11328.0,-480.0,514,3,34.533,2.9163483739974177e-3
1538,,,,11339.0,-469.0,515,3,34.283,2.933450072169382e-3
1539,,,,11349.0,-459.0,516,3,34.016,3.1121298852841615e-3
1540,,,,11359.0,-449.0,517,3,33.759,2.9752075045402972e-3
1541,,,,11369.0,-439.0,518,3,33.479,3.218619190230476e-3
1542,,,,11380.0,-428.0,519,3,33.167,3.5583237270645847e-3
1543,,,,11390.0,-418.0,520,3,32.84,3.696885357332861e-3
1544,,,,11400.0,-408.0,521,3,32.558,3.1614981955400343e-3
1545,,,,11410.0,-398.0,522,3,32.282,3.070522218625551e-3
1546,,,,11421.0,-387.0,523,3,31.986,3.2671203990614632e-3
1547,,,,11431.0,-377.0,524,3,31.721,2.901962290727497e-3
1548,,,,11441.0,-367.0,525,3,31.456,2.880337445994093e-3
1549,,,,11452.0,-356.0,526,3,31.156,3.234705018414356e-3
1550,,,,11462.0,-346.0,527,3,30.901,2.7275069948468024e-3
1551,,,,11472.0,-336.0,528,3,30.623,2.9505502093325874e-3
1552,,,,11483.0,-325.0,529,3,30.317,3.219984290331244e-3
1553,,,,11493.0,-315.0,530,3,30.061,2.671324250710972e-3
1554,,,,11503.0,-305.0,531,3,29.819,2.506587035617602e-3
1555,,,,11514.0,-294.0,532,3,29.569,2.5706292526716454e-3
1556,,,,11524.0,-284.0,533,3,29.28,2.9472344940114715e-3
1557,,,,11534.0,-274.0,534,3,29.024,2.58876587437737e-3
1558,,,,11545.0,-263.0,535,3,28.769,2.558490851436965e-3
1559,,,,11555.0,-253.0,536,3,28.495,2.726319220545293e-3
1560,,,,11565.0,-243.0,537,3,28.223,2.6829338264147116e-3
1561,,,,11575.0,-233.0,538,3,27.957,2.6011109829408114e-3
1562,,,,11586.0,-222.0,539,3,27.645,3.0224076739217855e-3
1563,,,,11596.0,-212.0,540,3,27.342,2.9052624622914157e-3
1564,,,,11606.0,-202.0,541,3,27.047,2.8002071990462906e-3
1565,,,,11617.0,-191.0,542,3,26.739,2.8939329526206765e-3
1566,,,,11627.0,-181.0,543,3,26.487,2.345128013590913e-3
1567,,,,11637.0,-171.0,544,3,26.237,2.306555484179811e-3
1568,,,,11648.0,-160.0,545,3,25.996,2.20489486713631e-3
1569,,,,11658.0,-150.0,546,3,25.703,2.655512351260995e-3
1570,,,,11668.0,-140.0,547,3,25.437,2.386784959497629e-3
1571,,,,11678.0,-130.0,548,3,25.173,2.3462984124972912e-3
1572,,,,11689.0,-119.0,549,3,24.869,2.6739920545924578e-3
1573,,,,11699.0,-109.0,550,3,24.572,2.5832530345435865e-3
1574,,,,11709.0,-99.0,551,3,24.281,2.503101987163326e-3
1575,,,,11720.0,-88.0,552,3,24.007,2.3318032553503966e-3
1576,,,,11730.0,-78.0,553,3,23.689,2.6753561370781984e-3
1577,,,,11740.0,-68.0,554,3,23.396,2.4355261880393527e-3
1578,,,,11750.0,-58.0,555,3,23.112,2.3337717696605095e-3
1579,,,,11761.0,-47.0,556,3,22.82,2.3720124776469157e-3
1580,,,,11771.0,-37.0,557,3,22.556,2.120401034365522e-3
1581,,,,11781.0,-27.0,558,3,22.281,2.184368515404239e-3
1582,,,,11792.0,-16.0,559,3,21.974,2.4091436849550205e-3
1583,,,,11802.0,-6.0,560,3,21.711,2.0390046232986563e-3
1584,,,,11812.0,4.0,561,3,21.466,1.878955514299453e-3
1585,,,,11823.0,15.0,562,3,21.211,1.9348008280227387e-3
1586,,,,11833.0,25.0,563,3,20.933,2.084730524628042e-3
1587,,,,11843.0,35.0,564,3,20.669,1.9559348169342554e-3
1588,,,,11853.0,45.0,565,3,20.43,1.750781512457636e-3
1589,,,,11864.0,56.0,566,3,20.158,1.9695735594038133e-3
1590,,,,11874.0,66.0,567,3,19.901,1.8382508832439526e-3
1591,,,,11884.0,76.0,568,3,19.643,1.823213207379005e-3
1592,,,,11895.0,87.0,569,3,19.345,2.078194444480443e-3
1593,,,,11905.0,97.0,570,3,19.08,1.8229034275187327e-3
1594,,,,11915.0,107.0,571,3,18.807,1.8531962953989905e-3
1595,,,,11926.0,118.0,572,3,18.498,2.067258757640561e-3
1596,,,,11936.0,128.0,573,3,18.218,1.8452138865611243e-3
1597,,,,11946.0,138.0,574,3,17.945,1.7734711195133818e-3
1598,,,,11957.0,149.0,575,3,17.666,1.7864263398960508e-3
1599,,,,11967.0,159.0,576,3,17.4,1.6785244348482271e-3
1600,,,,11977.0,169.0,577,3,17.135,1.6482682593199369e-3
1601,,,,11987.0,179.0,578,3,16.88,1.56349203355934e-3
1602,,,,11998.0,190.0,579,3,16.583,1.7931007491805127e-3
1603,,,,12008.0,200.0,580,3,16.321,1.5566650640308586e-3
1604,,,,12018.0,210.0,581,3,16.045,1.614376485737297e-3
1605,,,,12029.0,221.0,582,3,15.753,1.679525851731114e-3
1606,,,,12039.0,231.0,583,3,15.471,1.594052323689728e-3
1607,,,,12049.0,241.0,584,3,15.179,1.6215817439634056e-3
1608,,,,12060.0,252.0,585,3,14.913,1.4516252346642418e-3
1609,,,,12070.0,262.0,586,3,14.643,1.4484089635759376e-3
1610,,,,12080.0,272.0,587,3,14.405,1.2558409460938465e-3
1611,,,,12090.0,282.0,588,3,14.134,1.4060761924615426e-3
1612,,,,12101.0,293.0,589,3,13.799,1.7027785119999306e-3
1613,,,,12111.0,303.0,590,3,13.483,1.5700656168487618e-3
1614,,,,12121.0,313.0,591,3,13.167,1.5349606939260034e-3
1615,,,,12131.0,323.0,592,3,12.856,1.4763484252587828e-3
1616,,,,12142.0,334.0,593,3,12.536,1.483582247517846e-3
1617,,,,12152.0,344.0,594,3,12.249,1.2998495629802825e-3
1618,,,,12163.0,355.0,595,3,11.96,1.279646200750984e-3
1619,,,,12173.0,365.0,596,3,11.628,1.433512012210111e-3
1620,,,,12183.0,375.0,597,3,11.336,1.228454697966773e-3
1621,,,,12193.0,385.0,598,3,11.011,1.3316425859316466e-3
1622,,,,12204.0,396.0,599,3,10.664,1.3802739499568166e-3
1623,,,,12214.0,406.0,600,3,10.328,1.2954645179937875e-3
1624,,,,12224.0,416.0,601,3,10.021,1.1483368464431385e-3
1625,,,,12235.0,427.0,602,3,9.677,1.2466916796866766e-3
1626,,,,12245.0,437.0,603,3,9.365,1.0939575148302227e-3
1627,,,,12255.0,447.0,604,3,9.058,1.0422851611732128e-3
1628,,,,12266.0,458.0,605,3,8.74,1.0439406152309735e-3
1629,,,,12276.0,468.0,606,3,8.383,1.128442577433587e-3
1630,,,,12286.0,478.0,607,3,8.064,9.693093414126174e-4
1631,,,,12296.0,488.0,608,3,7.754,9.066749795997993e-4
1632,,,,12307.0,499.0,609,3,7.436,8.939466600514041e-4
1633,,,,12317.0,509.0,610,3,7.191,6.637442913074779e-4
1634,,,,12327.0,519.0,611,3,6.924,6.985927134624076e-4
1635,,,,12338.0,530.0,612,3,6.629,7.41782753757802e-4
1636,,,,12348.0,540.0,613,3,6.351,6.700244036299145e-4
1637,,,,12358.0,550.0,614,3,6.049,6.959072013616656e-4
1638,,,,12369.0,561.0,615,3,5.728,7.031513398602688e-4
1639,,,,12379.0,571.0,616,3,5.457,5.642419268349181e-4
1640,,,,12389.0,581.0,617,3,5.18,5.489208067112498e-4
1641,,,,12399.0,591.0,618,3,4.903,5.207517138423524e-4
1642,,,,12410.0,602.0,619,3,4.603,5.321883433321027e-4
1643,,,,12420.0,612.0,620,3,4.349,4.246683528145048e-4
1644,,,,12430.0,622.0,621,3,4.078,4.268624228730087e-4
1645,,,,12441.0,633.0,622,3,3.768,4.550297578326505e-4
1646,,,,12451.0,643.0,623,3,3.482,3.882243616207638e-4
1647,,,,12461.0,653.0,624,3,3.207,3.4468413750683404e-4
1648,,,,12472.0,664.0,625,3,2.914,3.363571110568016e-4
1649,,,,12482.0,674.0,626,3,2.58,3.4442432171570087e-4
1650,,,,12492.0,684.0,627,3,2.277,2.76450397798927e-4
1651,,,,12502.0,694.0,628,3,1.987,2.3247122287751366e-4
1652,,,,12513.0,705.0,629,3,1.648,2.3186760152718987e-4
1653,,,,12523.0,715.0,630,3,1.345,1.707781236377765e-4
1654,,,,12533.0,725.0,631,3,1.052,1.323625744917251e-4
1655,,,,12544.0,736.0,632,3,0.763,9.894298972318136e-5
1656,,,,12554.0,746.0,633,3,0.451,7.15039307551645e-5
1657,,,,12564.0,756.0,634,3,0.192,3.146394515657625e-5
0,,,,12573.0,765.0,1657,4,0.0,6.969728881720758e-6
