fixIdx,legIdx,zoneIdx,tickLead,tickRace,time,lat,lng,alt,togo
1,1,1,-1408.221165012109,-2260.539422382849,,,,772.0,117.128
2,1,2,-1377.221165012109,-2229.539422382849,,,,772.0,117.125
63,1,63,-584.221165012109,-1436.539422382849,,,,1963.0,117.105
64,1,64,-574.221165012109,-1426.539422382849,,,,1980.0,117.031
69,1,69,-524.221165012109,-1376.539422382849,,,,2043.0,116.886
71,1,71,-504.221165012109,-1356.539422382849,,,,2079.0,116.847
72,1,72,-494.221165012109,-1346.539422382849,,,,2093.0,116.791
76,1,76,-454.221165012109,-1306.539422382849,,,,2166.0,116.759
78,1,78,-434.221165012109,-1286.539422382849,,,,2190.0,116.669
81,1,81,-404.221165012109,-1256.539422382849,,,,2231.0,116.601
83,1,83,-384.221165012109,-1236.539422382849,,,,2264.0,116.493
85,1,85,-364.221165012109,-1216.539422382849,,,,2277.0,116.309
86,1,86,-354.221165012109,-1206.539422382849,,,,2304.0,116.188
88,1,88,-334.221165012109,-1186.539422382849,,,,2346.0,116.094
90,1,90,-314.221165012109,-1166.539422382849,,,,2426.0,116.044
91,1,91,-304.221165012109,-1156.539422382849,,,,2476.0,116.013
93,1,93,-284.221165012109,-1136.539422382849,,,,2578.0,115.946
94,1,94,-274.221165012109,-1126.539422382849,,,,2621.0,115.918
96,1,96,-254.221165012109,-1106.539422382849,,,,2704.0,115.866
97,1,97,-244.221165012109,-1096.539422382849,,,,2747.0,115.789
98,1,98,-234.221165012109,-1086.539422382849,,,,2786.0,115.782
99,1,99,-224.221165012109,-1076.539422382849,,,,2830.0,115.644
100,1,100,-214.221165012109,-1066.539422382849,,,,2866.0,115.63
101,1,101,-204.221165012109,-1056.539422382849,,,,2877.0,115.563
102,1,102,-194.221165012109,-1046.539422382849,,,,2911.0,115.479
103,1,103,-184.221165012109,-1036.539422382849,,,,2918.0,115.282
104,1,104,-174.221165012109,-1026.539422382849,,,,2880.0,115.053
105,1,105,-164.221165012109,-1016.539422382849,,,,2867.0,114.792
106,1,106,-154.221165012109,-1006.539422382849,,,,2860.0,114.561
107,1,107,-144.221165012109,-996.539422382849,,,,2850.0,114.338
108,1,108,-134.221165012109,-986.539422382849,,,,2835.0,114.097
109,1,109,-124.221165012109,-976.539422382849,,,,2819.0,113.865
110,1,110,-114.221165012109,-966.539422382849,,,,2795.0,113.615
111,1,111,-104.221165012109,-956.539422382849,,,,2782.0,113.389
112,1,112,-94.221165012109,-946.539422382849,,,,2764.0,113.147
113,1,113,-84.221165012109,-936.539422382849,,,,2743.0,112.912
114,1,114,-74.221165012109,-926.539422382849,,,,2724.0,112.678
115,1,115,-64.221165012109,-916.539422382849,,,,2699.0,112.445
116,1,116,-54.221165012109,-906.539422382849,,,,2676.0,112.208
117,1,117,-44.221165012109,-896.539422382849,,,,2662.0,111.978
118,1,118,-34.221165012109,-886.539422382849,,,,2648.0,111.754
119,1,119,-24.221165012109,-876.539422382849,,,,2636.0,111.581
120,1,120,-14.221165012109,-866.539422382849,,,,2629.0,111.412
121,1,121,-4.221165012109,-856.539422382849,,,,2612.0,111.266
122,1,122,5.778834987891,-846.539422382849,,,,2611.0,111.167
123,1,123,15.778834987891,-836.539422382849,,,,2607.0,111.101
125,1,125,35.778834987891,-816.539422382849,,,,2584.0,111.017
126,1,126,45.778834987891,-806.539422382849,,,,2574.0,110.781
127,1,127,55.778834987891,-796.539422382849,,,,2596.0,110.58
128,1,128,65.778834987891,-786.539422382849,,,,2614.0,110.439
130,1,130,85.778834987891,-766.539422382849,,,,2655.0,110.317
131,1,131,95.778834987891,-756.539422382849,,,,2654.0,110.15
132,1,132,105.778834987891,-746.539422382849,,,,2640.0,110.039
133,1,133,115.778834987891,-736.539422382849,,,,2642.0,109.927
134,1,134,125.778834987891,-726.539422382849,,,,2640.0,109.848
135,1,135,135.778834987891,-716.539422382849,,,,2640.0,109.711
136,1,136,145.778834987891,-706.539422382849,,,,2635.0,109.476
137,1,137,155.778834987891,-696.539422382849,,,,2641.0,109.232
138,1,138,165.778834987891,-686.539422382849,,,,2642.0,109.034
139,1,139,175.778834987891,-676.539422382849,,,,2624.0,108.865
140,1,140,185.778834987891,-666.539422382849,,,,2602.0,108.646
141,1,141,195.778834987891,-656.539422382849,,,,2576.0,108.439
142,1,142,205.778834987891,-646.539422382849,,,,2548.0,108.223
143,1,143,215.778834987891,-636.539422382849,,,,2513.0,107.979
144,1,144,225.778834987891,-626.539422382849,,,,2497.0,107.729
145,1,145,235.778834987891,-616.539422382849,,,,2485.0,107.487
146,1,146,245.778834987891,-606.539422382849,,,,2485.0,107.262
147,1,147,255.778834987891,-596.539422382849,,,,2489.0,107.047
148,1,148,265.778834987891,-586.539422382849,,,,2488.0,106.831
149,1,149,275.778834987891,-576.539422382849,,,,2481.0,106.628
150,1,150,285.778834987891,-566.539422382849,,,,2476.0,106.454
151,1,151,295.778834987891,-556.539422382849,,,,2464.0,106.253
152,1,152,305.778834987891,-546.539422382849,,,,2465.0,106.051
153,1,153,315.778834987891,-536.539422382849,,,,2480.0,105.912
154,1,154,325.778834987891,-526.539422382849,,,,2495.0,105.881
171,1,171,495.778834987891,-356.539422382849,,,,2715.0,105.869
172,1,172,505.778834987891,-346.539422382849,,,,2737.0,105.737
174,1,174,525.778834987891,-326.539422382849,,,,2759.0,105.658
176,1,176,545.778834987891,-306.539422382849,,,,2788.0,105.65
178,1,178,565.778834987891,-286.539422382849,,,,2808.0,105.646
180,1,180,585.778834987891,-266.539422382849,,,,2825.0,105.615
183,1,183,615.778834987891,-236.539422382849,,,,2827.0,105.588
184,1,184,625.778834987891,-226.539422382849,,,,2821.0,105.442
270,2,27,1485.778834987891,633.460577617151,,,,2905.0,105.219
271,2,28,1495.778834987891,643.460577617151,,,,2895.0,104.975
272,2,29,1505.778834987891,653.460577617151,,,,2887.0,104.743
273,2,30,1515.778834987891,663.460577617151,,,,2865.0,104.497
274,2,31,1525.778834987891,673.460577617151,,,,2843.0,104.264
275,2,32,1535.778834987891,683.460577617151,,,,2820.0,104.042
276,2,33,1545.778834987891,693.460577617151,,,,2792.0,103.823
277,2,34,1555.778834987891,703.460577617151,,,,2765.0,103.593
278,2,35,1565.778834987891,713.460577617151,,,,2745.0,103.366
279,2,36,1575.778834987891,723.460577617151,,,,2725.0,103.142
280,2,37,1585.778834987891,733.460577617151,,,,2718.0,102.907
281,2,38,1595.778834987891,743.460577617151,,,,2703.0,102.703
282,2,39,1605.778834987891,753.460577617151,,,,2682.0,102.491
283,2,40,1615.778834987891,763.460577617151,,,,2669.0,102.306
284,2,41,1625.778834987891,773.460577617151,,,,2671.0,102.097
285,2,42,1635.778834987891,783.460577617151,,,,2681.0,101.921
286,2,43,1645.778834987891,793.460577617151,,,,2686.0,101.754
287,2,44,1655.778834987891,803.460577617151,,,,2669.0,101.592
288,2,45,1665.778834987891,813.460577617151,,,,2641.0,101.373
289,2,46,1675.778834987891,823.460577617151,,,,2612.0,101.137
290,2,47,1685.778834987891,833.460577617151,,,,2595.0,100.907
291,2,48,1695.778834987891,843.460577617151,,,,2578.0,100.681
292,2,49,1705.778834987891,853.460577617151,,,,2559.0,100.481
293,2,50,1715.778834987891,863.460577617151,,,,2560.0,100.321
294,2,51,1725.778834987891,873.460577617151,,,,2563.0,100.28
295,2,52,1735.778834987891,883.460577617151,,,,2560.0,100.226
296,2,53,1745.778834987891,893.460577617151,,,,2554.0,100.126
297,2,54,1755.778834987891,903.460577617151,,,,2521.0,100.03
298,2,55,1765.778834987891,913.460577617151,,,,2514.0,99.828
299,2,56,1775.778834987891,923.460577617151,,,,2526.0,99.597
300,2,57,1785.778834987891,933.460577617151,,,,2522.0,99.433
301,2,58,1795.778834987891,943.460577617151,,,,2510.0,99.234
302,2,59,1805.778834987891,953.460577617151,,,,2497.0,98.988
303,2,60,1815.778834987891,963.460577617151,,,,2489.0,98.758
304,2,61,1825.778834987891,973.460577617151,,,,2465.0,98.485
305,2,62,1835.778834987891,983.460577617151,,,,2425.0,98.233
306,2,63,1845.778834987891,993.460577617151,,,,2385.0,97.974
307,2,64,1855.778834987891,1003.460577617151,,,,2359.0,97.696
308,2,65,1865.778834987891,1013.460577617151,,,,2348.0,97.41
309,2,66,1875.778834987891,1023.460577617151,,,,2332.0,97.139
310,2,67,1885.778834987891,1033.460577617151,,,,2305.0,96.866
311,2,68,1895.778834987891,1043.460577617151,,,,2277.0,96.6
312,2,69,1905.778834987891,1053.460577617151,,,,2251.0,96.344
313,2,70,1915.778834987891,1063.460577617151,,,,2221.0,96.085
314,2,71,1925.778834987891,1073.460577617151,,,,2207.0,95.847
315,2,72,1935.778834987891,1083.460577617151,,,,2174.0,95.629
316,2,73,1945.778834987891,1093.460577617151,,,,2142.0,95.41
317,2,74,1955.778834987891,1103.460577617151,,,,2113.0,95.2
318,2,75,1965.778834987891,1113.460577617151,,,,2080.0,94.998
319,2,76,1975.778834987891,1123.460577617151,,,,2056.0,94.826
320,2,77,1985.778834987891,1133.460577617151,,,,2031.0,94.646
321,2,78,1995.778834987891,1143.460577617151,,,,1990.0,94.507
322,2,79,2005.778834987891,1153.460577617151,,,,1954.0,94.427
323,2,80,2015.778834987891,1163.460577617151,,,,1911.0,94.424
336,2,93,2145.778834987891,1293.460577617151,,,,2014.0,94.393
337,2,94,2155.778834987891,1303.460577617151,,,,2050.0,94.386
338,2,95,2165.778834987891,1313.460577617151,,,,2084.0,94.371
339,2,96,2175.778834987891,1323.460577617151,,,,2116.0,94.263
340,2,97,2185.778834987891,1333.460577617151,,,,2143.0,94.234
342,2,99,2205.778834987891,1353.460577617151,,,,2201.0,94.205
344,2,101,2225.778834987891,1373.460577617151,,,,2257.0,94.12
346,2,103,2245.778834987891,1393.460577617151,,,,2306.0,94.053
348,2,105,2265.778834987891,1413.460577617151,,,,2347.0,93.967
349,2,106,2275.778834987891,1423.460577617151,,,,2353.0,93.906
352,2,109,2305.778834987891,1453.460577617151,,,,2351.0,93.901
353,2,110,2315.778834987891,1463.460577617151,,,,2345.0,93.784
355,2,112,2335.778834987891,1483.460577617151,,,,2326.0,93.677
356,2,113,2345.778834987891,1493.460577617151,,,,2330.0,93.516
357,2,114,2355.778834987891,1503.460577617151,,,,2330.0,93.41
366,2,123,2445.778834987891,1593.460577617151,,,,2351.0,93.328
367,2,124,2455.778834987891,1603.460577617151,,,,2351.0,93.255
368,2,125,2465.778834987891,1613.460577617151,,,,2344.0,93.064
369,2,126,2475.778834987891,1623.460577617151,,,,2309.0,92.854
370,2,127,2485.778834987891,1633.460577617151,,,,2286.0,92.63
371,2,128,2495.778834987891,1643.460577617151,,,,2269.0,92.412
372,2,129,2505.778834987891,1653.460577617151,,,,2262.0,92.208
373,2,130,2515.778834987891,1663.460577617151,,,,2225.0,92.014
374,2,131,2525.778834987891,1673.460577617151,,,,2194.0,91.769
375,2,132,2535.778834987891,1683.460577617151,,,,2172.0,91.528
376,2,133,2545.778834987891,1693.460577617151,,,,2144.0,91.293
377,2,134,2555.778834987891,1703.460577617151,,,,2108.0,91.03
378,2,135,2565.778834987891,1713.460577617151,,,,2084.0,90.79
379,2,136,2575.778834987891,1723.460577617151,,,,2063.0,90.566
380,2,137,2585.778834987891,1733.460577617151,,,,2028.0,90.335
381,2,138,2595.778834987891,1743.460577617151,,,,2017.0,90.139
382,2,139,2605.778834987891,1753.460577617151,,,,2003.0,89.98
383,2,140,2615.778834987891,1763.460577617151,,,,2025.0,89.925
384,2,141,2625.778834987891,1773.460577617151,,,,2042.0,89.841
385,3,1,2628.778834987891,1776.460577617151,,,,2049.0,89.783
386,3,2,2629.778834987891,1777.460577617151,,,,2053.0,89.76
387,3,3,2639.778834987891,1787.460577617151,,,,2086.0,89.613
389,3,5,2659.778834987891,1807.460577617151,,,,2146.0,89.478
391,3,7,2679.778834987891,1827.460577617151,,,,2215.0,89.442
392,3,8,2689.778834987891,1837.460577617151,,,,2245.0,89.415
393,3,9,2699.778834987891,1847.460577617151,,,,2276.0,89.3
395,3,11,2719.778834987891,1867.460577617151,,,,2325.0,89.158
398,3,14,2749.778834987891,1897.460577617151,,,,2382.0,89.135
399,3,15,2759.778834987891,1907.460577617151,,,,2383.0,89.025
401,3,17,2779.778834987891,1927.460577617151,,,,2405.0,88.976
402,3,18,2789.778834987891,1937.460577617151,,,,2386.0,88.793
403,3,19,2799.778834987891,1947.460577617151,,,,2359.0,88.704
404,3,20,2809.778834987891,1957.460577617151,,,,2329.0,88.596
405,3,21,2819.778834987891,1967.460577617151,,,,2336.0,88.469
406,3,22,2829.778834987891,1977.460577617151,,,,2330.0,88.342
407,3,23,2839.778834987891,1987.460577617151,,,,2325.0,88.287
408,3,24,2849.778834987891,1997.460577617151,,,,2312.0,88.188
409,3,25,2859.778834987891,2007.460577617151,,,,2297.0,87.99
410,3,26,2869.778834987891,2017.460577617151,,,,2283.0,87.787
411,3,27,2879.778834987891,2027.460577617151,,,,2286.0,87.556
412,3,28,2889.778834987891,2037.460577617151,,,,2280.0,87.329
413,3,29,2899.778834987891,2047.460577617151,,,,2262.0,87.107
414,3,30,2909.778834987891,2057.460577617151,,,,2265.0,86.888
415,3,31,2919.778834987891,2067.460577617151,,,,2276.0,86.719
416,3,32,2929.778834987891,2077.460577617151,,,,2291.0,86.644
418,3,34,2949.778834987891,2097.460577617151,,,,2313.0,86.597
421,3,37,2979.778834987891,2127.460577617151,,,,2326.0,86.416
422,3,38,2989.778834987891,2137.460577617151,,,,2326.0,86.241
423,3,39,2999.778834987891,2147.460577617151,,,,2332.0,86.04
424,3,40,3009.778834987891,2157.460577617151,,,,2348.0,85.964
426,3,42,3029.778834987891,2177.460577617151,,,,2376.0,85.849
427,3,43,3039.778834987891,2187.460577617151,,,,2389.0,85.816
429,3,45,3059.778834987891,2207.460577617151,,,,2421.0,85.661
431,3,47,3079.778834987891,2227.460577617151,,,,2453.0,85.578
433,3,49,3099.778834987891,2247.460577617151,,,,2488.0,85.48
446,3,62,3229.778834987891,2377.460577617151,,,,2839.0,85.463
448,3,64,3249.778834987891,2397.460577617151,,,,2887.0,85.441
450,3,66,3269.778834987891,2417.460577617151,,,,2919.0,85.392
451,3,67,3279.778834987891,2427.460577617151,,,,2925.0,85.259
455,3,71,3319.778834987891,2467.460577617151,,,,2933.0,85.174
456,3,72,3329.778834987891,2477.460577617151,,,,2921.0,84.986
457,3,73,3339.778834987891,2487.460577617151,,,,2925.0,84.782
458,3,74,3349.778834987891,2497.460577617151,,,,2920.0,84.564
459,3,75,3359.778834987891,2507.460577617151,,,,2921.0,84.327
460,3,76,3369.778834987891,2517.460577617151,,,,2941.0,84.111
462,3,78,3389.778834987891,2537.460577617151,,,,3000.0,84.084
463,3,79,3399.778834987891,2547.460577617151,,,,3022.0,84.023
464,3,80,3409.778834987891,2557.460577617151,,,,3050.0,84.006
466,3,82,3429.778834987891,2577.460577617151,,,,3112.0,83.992
469,3,85,3459.778834987891,2607.460577617151,,,,3187.0,83.869
470,3,86,3469.778834987891,2617.460577617151,,,,3189.0,83.64
471,3,87,3479.778834987891,2627.460577617151,,,,3173.0,83.395
472,3,88,3489.778834987891,2637.460577617151,,,,3162.0,83.153
473,3,89,3499.778834987891,2647.460577617151,,,,3147.0,82.938
474,3,90,3509.778834987891,2657.460577617151,,,,3141.0,82.721
475,3,91,3519.778834987891,2667.460577617151,,,,3122.0,82.505
476,3,92,3529.778834987891,2677.460577617151,,,,3119.0,82.309
477,3,93,3539.778834987891,2687.460577617151,,,,3117.0,82.169
478,3,94,3549.778834987891,2697.460577617151,,,,3141.0,82.088
479,3,95,3559.778834987891,2707.460577617151,,,,3131.0,81.896
480,3,96,3569.778834987891,2717.460577617151,,,,3118.0,81.669
481,3,97,3579.778834987891,2727.460577617151,,,,3107.0,81.459
482,3,98,3589.778834987891,2737.460577617151,,,,3096.0,81.248
483,3,99,3599.778834987891,2747.460577617151,,,,3077.0,81.038
484,3,100,3609.778834987891,2757.460577617151,,,,3048.0,80.83
485,3,101,3619.778834987891,2767.460577617151,,,,3022.0,80.602
486,3,102,3629.778834987891,2777.460577617151,,,,2996.0,80.365
487,3,103,3639.778834987891,2787.460577617151,,,,2973.0,80.158
488,3,104,3649.778834987891,2797.460577617151,,,,2946.0,79.945
489,3,105,3659.778834987891,2807.460577617151,,,,2926.0,79.74
490,3,106,3669.778834987891,2817.460577617151,,,,2901.0,79.543
491,3,107,3679.778834987891,2827.460577617151,,,,2882.0,79.353
492,3,108,3689.778834987891,2837.460577617151,,,,2862.0,79.173
493,3,109,3699.778834987891,2847.460577617151,,,,2826.0,78.983
494,3,110,3709.778834987891,2857.460577617151,,,,2780.0,78.78
495,3,111,3719.778834987891,2867.460577617151,,,,2770.0,78.571
496,3,112,3729.778834987891,2877.460577617151,,,,2741.0,78.377
497,3,113,3739.778834987891,2887.460577617151,,,,2695.0,78.208
498,3,114,3749.778834987891,2897.460577617151,,,,2663.0,78.018
499,3,115,3759.778834987891,2907.460577617151,,,,2631.0,77.808
500,3,116,3769.778834987891,2917.460577617151,,,,2611.0,77.599
501,3,117,3779.778834987891,2927.460577617151,,,,2568.0,77.358
502,3,118,3789.778834987891,2937.460577617151,,,,2531.0,77.145
503,3,119,3799.778834987891,2947.460577617151,,,,2503.0,76.985
504,3,120,3809.778834987891,2957.460577617151,,,,2488.0,76.832
505,3,121,3819.778834987891,2967.460577617151,,,,2472.0,76.684
506,3,122,3829.778834987891,2977.460577617151,,,,2445.0,76.591
507,3,123,3839.778834987891,2987.460577617151,,,,2435.0,76.538
508,3,124,3849.778834987891,2997.460577617151,,,,2430.0,76.402
509,3,125,3859.778834987891,3007.460577617151,,,,2405.0,76.132
510,3,126,3869.778834987891,3017.460577617151,,,,2399.0,75.89
511,3,127,3879.778834987891,3027.460577617151,,,,2395.0,75.642
512,3,128,3889.778834987891,3037.460577617151,,,,2395.0,75.399
513,3,129,3899.778834987891,3047.460577617151,,,,2394.0,75.152
514,3,130,3909.778834987891,3057.460577617151,,,,2420.0,74.994
517,3,133,3939.778834987891,3087.460577617151,,,,2470.0,74.835
518,3,134,3949.778834987891,3097.460577617151,,,,2478.0,74.702
519,3,135,3959.778834987891,3107.460577617151,,,,2482.0,74.638
522,3,138,3989.778834987891,3137.460577617151,,,,2489.0,74.615
523,3,139,3999.778834987891,3147.460577617151,,,,2478.0,74.511
524,3,140,4009.778834987891,3157.460577617151,,,,2454.0,74.412
525,3,141,4019.778834987891,3167.460577617151,,,,2428.0,74.311
526,3,142,4029.778834987891,3177.460577617151,,,,2397.0,74.222
527,3,143,4039.778834987891,3187.460577617151,,,,2367.0,74.154
528,3,144,4049.778834987891,3197.460577617151,,,,2336.0,74.07
529,3,145,4059.778834987891,3207.460577617151,,,,2312.0,73.987
530,3,146,4069.778834987891,3217.460577617151,,,,2299.0,73.951
531,3,147,4079.778834987891,3227.460577617151,,,,2290.0,73.843
532,3,148,4089.778834987891,3237.460577617151,,,,2264.0,73.725
533,3,149,4099.778834987891,3247.460577617151,,,,2250.0,73.587
534,3,150,4109.778834987891,3257.460577617151,,,,2284.0,73.462
535,3,151,4119.778834987891,3267.460577617151,,,,2304.0,73.424
536,3,152,4129.778834987891,3277.460577617151,,,,2297.0,73.403
537,3,153,4139.778834987891,3287.460577617151,,,,2313.0,73.198
538,3,154,4149.778834987891,3297.460577617151,,,,2286.0,72.981
539,3,155,4159.778834987891,3307.460577617151,,,,2283.0,72.742
540,3,156,4169.778834987891,3317.460577617151,,,,2307.0,72.534
541,3,157,4179.778834987891,3327.460577617151,,,,2316.0,72.33
542,3,158,4189.778834987891,3337.460577617151,,,,2312.0,72.118
543,3,159,4199.778834987891,3347.460577617151,,,,2291.0,71.903
544,3,160,4209.778834987891,3357.460577617151,,,,2279.0,71.685
545,3,161,4219.778834987891,3367.460577617151,,,,2250.0,71.468
546,3,162,4229.778834987891,3377.460577617151,,,,2236.0,71.264
547,3,163,4239.778834987891,3387.460577617151,,,,2211.0,71.036
548,3,164,4249.778834987891,3397.460577617151,,,,2191.0,70.802
549,3,165,4259.778834987891,3407.460577617151,,,,2170.0,70.589
550,3,166,4269.778834987891,3417.460577617151,,,,2137.0,70.362
551,3,167,4279.778834987891,3427.460577617151,,,,2130.0,70.152
552,3,168,4289.778834987891,3437.460577617151,,,,2118.0,69.955
553,3,169,4299.778834987891,3447.460577617151,,,,2108.0,69.755
554,3,170,4309.778834987891,3457.460577617151,,,,2090.0,69.585
555,3,171,4319.778834987891,3467.460577617151,,,,2044.0,69.387
556,3,172,4329.778834987891,3477.460577617151,,,,2009.0,69.217
557,3,173,4339.778834987891,3487.460577617151,,,,1972.0,69.026
558,3,174,4349.778834987891,3497.460577617151,,,,1938.0,68.821
559,3,175,4359.778834987891,3507.460577617151,,,,1900.0,68.636
560,3,176,4369.778834987891,3517.460577617151,,,,1860.0,68.428
561,3,177,4379.778834987891,3527.460577617151,,,,1817.0,68.241
562,3,178,4389.778834987891,3537.460577617151,,,,1782.0,68.046
563,3,179,4399.778834987891,3547.460577617151,,,,1782.0,67.868
564,3,180,4409.778834987891,3557.460577617151,,,,1767.0,67.676
565,3,181,4419.778834987891,3567.460577617151,,,,1779.0,67.536
566,3,182,4429.778834987891,3577.460577617151,,,,1786.0,67.528
568,3,184,4449.778834987891,3597.460577617151,,,,1788.0,67.445
569,3,185,4459.778834987891,3607.460577617151,,,,1790.0,67.284
570,3,186,4469.778834987891,3617.460577617151,,,,1797.0,67.142
571,3,187,4479.778834987891,3627.460577617151,,,,1817.0,67.091
572,3,188,4489.778834987891,3637.460577617151,,,,1830.0,66.99
573,3,189,4499.778834987891,3647.460577617151,,,,1849.0,66.967
574,3,190,4509.778834987891,3657.460577617151,,,,1860.0,66.9
576,3,192,4529.778834987891,3677.460577617151,,,,1876.0,66.813
577,3,193,4539.778834987891,3687.460577617151,,,,1904.0,66.703
579,3,195,4559.778834987891,3707.460577617151,,,,1957.0,66.611
581,3,197,4579.778834987891,3727.460577617151,,,,2012.0,66.544
583,3,199,4599.778834987891,3747.460577617151,,,,2062.0,66.477
584,3,200,4609.778834987891,3757.460577617151,,,,2088.0,66.45
585,3,201,4619.778834987891,3767.460577617151,,,,2121.0,66.41
586,3,202,4629.778834987891,3777.460577617151,,,,2142.0,66.388
587,3,203,4639.778834987891,3787.460577617151,,,,2170.0,66.253
588,3,204,4649.778834987891,3797.460577617151,,,,2197.0,66.239
589,3,205,4659.778834987891,3807.460577617151,,,,2220.0,66.183
590,3,206,4669.778834987891,3817.460577617151,,,,2246.0,66.073
592,3,208,4689.778834987891,3837.460577617151,,,,2290.0,65.945
593,3,209,4699.778834987891,3847.460577617151,,,,2281.0,65.83
597,3,213,4739.778834987891,3887.460577617151,,,,2277.0,65.767
598,3,214,4749.778834987891,3897.460577617151,,,,2258.0,65.543
599,3,215,4759.778834987891,3907.460577617151,,,,2233.0,65.316
600,3,216,4769.778834987891,3917.460577617151,,,,2202.0,65.09
601,3,217,4779.778834987891,3927.460577617151,,,,2199.0,64.88
602,3,218,4789.778834987891,3937.460577617151,,,,2192.0,64.674
603,3,219,4799.778834987891,3947.460577617151,,,,2207.0,64.448
605,3,221,4819.778834987891,3967.460577617151,,,,2248.0,64.302
606,3,222,4829.778834987891,3977.460577617151,,,,2270.0,64.294
607,3,223,4839.778834987891,3987.460577617151,,,,2299.0,64.152
609,3,225,4859.778834987891,4007.460577617151,,,,2332.0,64.084
611,3,227,4879.778834987891,4027.460577617151,,,,2370.0,64.063
612,3,228,4889.778834987891,4037.460577617151,,,,2380.0,64.041
613,3,229,4899.778834987891,4047.460577617151,,,,2389.0,63.893
616,3,232,4929.778834987891,4077.460577617151,,,,2440.0,63.846
618,3,234,4949.778834987891,4097.460577617151,,,,2474.0,63.805
620,3,236,4969.778834987891,4117.460577617151,,,,2506.0,63.798
622,3,238,4989.778834987891,4137.460577617151,,,,2533.0,63.707
624,3,240,5009.778834987891,4157.460577617151,,,,2554.0,63.64
631,3,247,5079.778834987891,4227.460577617151,,,,2655.0,63.578
633,3,249,5099.778834987891,4247.460577617151,,,,2682.0,63.444
635,3,251,5120.778834987891,4268.460577617151,,,,2698.0,63.401
636,3,252,5130.778834987891,4278.460577617151,,,,2689.0,63.242
637,3,253,5140.778834987891,4288.460577617151,,,,2663.0,63.042
638,3,254,5150.778834987891,4298.460577617151,,,,2646.0,62.845
639,3,255,5160.778834987891,4308.460577617151,,,,2631.0,62.612
640,3,256,5170.778834987891,4318.460577617151,,,,2614.0,62.373
641,3,257,5180.778834987891,4328.460577617151,,,,2608.0,62.119
642,3,258,5190.778834987891,4338.460577617151,,,,2605.0,61.874
643,3,259,5200.778834987891,4348.460577617151,,,,2589.0,61.644
644,3,260,5210.778834987891,4358.460577617151,,,,2551.0,61.395
645,3,261,5220.778834987891,4368.460577617151,,,,2525.0,61.157
646,3,262,5230.778834987891,4378.460577617151,,,,2500.0,60.918
647,3,263,5240.778834987891,4388.460577617151,,,,2484.0,60.708
648,3,264,5250.778834987891,4398.460577617151,,,,2463.0,60.549
649,3,265,5260.778834987891,4408.460577617151,,,,2437.0,60.394
650,3,266,5270.778834987891,4418.460577617151,,,,2405.0,60.246
651,3,267,5280.778834987891,4428.460577617151,,,,2371.0,60.089
652,3,268,5290.778834987891,4438.460577617151,,,,2343.0,59.948
653,3,269,5300.778834987891,4448.460577617151,,,,2314.0,59.81
654,3,270,5310.778834987891,4458.460577617151,,,,2285.0,59.702
655,3,271,5320.778834987891,4468.460577617151,,,,2256.0,59.619
656,3,272,5330.778834987891,4478.460577617151,,,,2230.0,59.508
657,3,273,5340.778834987891,4488.460577617151,,,,2213.0,59.375
658,3,274,5350.778834987891,4498.460577617151,,,,2178.0,59.247
659,3,275,5360.778834987891,4508.460577617151,,,,2149.0,59.132
660,3,276,5370.778834987891,4518.460577617151,,,,2115.0,59.034
661,3,277,5380.778834987891,4528.460577617151,,,,2090.0,58.952
662,3,278,5390.778834987891,4538.460577617151,,,,2058.0,58.883
663,3,279,5400.778834987891,4548.460577617151,,,,2032.0,58.818
664,3,280,5410.778834987891,4558.460577617151,,,,1996.0,58.775
665,3,281,5420.778834987891,4568.460577617151,,,,1984.0,58.729
666,3,282,5430.778834987891,4578.460577617151,,,,1973.0,58.658
667,3,283,5440.778834987891,4588.460577617151,,,,1937.0,58.576
668,3,284,5450.778834987891,4598.460577617151,,,,1911.0,58.47
669,3,285,5460.778834987891,4608.460577617151,,,,1927.0,58.451
670,3,286,5470.778834987891,4618.460577617151,,,,1950.0,58.319
671,3,287,5480.778834987891,4628.460577617151,,,,1983.0,58.238
672,3,288,5490.778834987891,4638.460577617151,,,,2021.0,58.136
673,3,289,5500.778834987891,4648.460577617151,,,,2061.0,58.113
674,3,290,5510.778834987891,4658.460577617151,,,,2101.0,57.991
675,3,291,5520.778834987891,4668.460577617151,,,,2146.0,57.977
676,3,292,5530.778834987891,4678.460577617151,,,,2189.0,57.923
677,3,293,5540.778834987891,4688.460577617151,,,,2233.0,57.829
678,3,294,5550.778834987891,4698.460577617151,,,,2276.0,57.772
680,3,296,5570.778834987891,4718.460577617151,,,,2344.0,57.672
682,3,298,5590.778834987891,4738.460577617151,,,,2422.0,57.64
683,3,299,5600.778834987891,4748.460577617151,,,,2458.0,57.56
684,3,300,5610.778834987891,4758.460577617151,,,,2496.0,57.534
685,3,301,5620.778834987891,4768.460577617151,,,,2520.0,57.492
686,3,302,5630.778834987891,4778.460577617151,,,,2543.0,57.485
687,3,303,5640.778834987891,4788.460577617151,,,,2572.0,57.386
689,3,305,5660.778834987891,4808.460577617151,,,,2602.0,57.259
691,3,307,5680.778834987891,4828.460577617151,,,,2625.0,57.224
692,3,308,5690.778834987891,4838.460577617151,,,,2631.0,57.109
695,3,311,5720.778834987891,4868.460577617151,,,,2635.0,57.043
696,3,312,5730.778834987891,4878.460577617151,,,,2643.0,56.888
699,3,315,5760.778834987891,4908.460577617151,,,,2621.0,56.839
700,3,316,5770.778834987891,4918.460577617151,,,,2623.0,56.658
701,3,317,5780.778834987891,4928.460577617151,,,,2624.0,56.531
702,3,318,5790.778834987891,4938.460577617151,,,,2628.0,56.42
703,3,319,5800.778834987891,4948.460577617151,,,,2641.0,56.255
704,3,320,5810.778834987891,4958.460577617151,,,,2657.0,56.094
705,3,321,5820.778834987891,4968.460577617151,,,,2666.0,55.911
707,3,323,5840.778834987891,4988.460577617151,,,,2675.0,55.857
708,3,324,5850.778834987891,4998.460577617151,,,,2684.0,55.66
710,3,326,5870.778834987891,5018.460577617151,,,,2699.0,55.644
711,3,327,5880.778834987891,5028.460577617151,,,,2697.0,55.443
712,3,328,5890.778834987891,5038.460577617151,,,,2698.0,55.225
713,3,329,5900.778834987891,5048.460577617151,,,,2678.0,54.971
714,3,330,5910.778834987891,5058.460577617151,,,,2669.0,54.722
715,3,331,5920.778834987891,5068.460577617151,,,,2665.0,54.489
716,3,332,5930.778834987891,5078.460577617151,,,,2647.0,54.265
717,3,333,5940.778834987891,5088.460577617151,,,,2637.0,54.031
718,3,334,5950.778834987891,5098.460577617151,,,,2612.0,53.802
719,3,335,5960.778834987891,5108.460577617151,,,,2592.0,53.562
720,3,336,5970.778834987891,5118.460577617151,,,,2571.0,53.327
721,3,337,5980.778834987891,5128.460577617151,,,,2551.0,53.102
722,3,338,5990.778834987891,5138.460577617151,,,,2527.0,52.88
723,4,1,6000.778834987891,5148.460577617151,,,,2485.0,52.672
724,4,2,6001.778834987891,5149.460577617151,,,,2483.0,52.667
725,4,3,6011.778834987891,5159.460577617151,,,,2462.0,52.458
726,4,4,6021.778834987891,5169.460577617151,,,,2433.0,52.236
727,4,5,6031.778834987891,5179.460577617151,,,,2408.0,52.029
728,4,6,6041.778834987891,5189.460577617151,,,,2378.0,51.796
729,4,7,6051.778834987891,5199.460577617151,,,,2346.0,51.534
730,4,8,6061.778834987891,5209.460577617151,,,,2312.0,51.26
731,4,9,6071.778834987891,5219.460577617151,,,,2291.0,50.977
732,4,10,6081.778834987891,5229.460577617151,,,,2269.0,50.702
733,4,11,6091.778834987891,5239.460577617151,,,,2237.0,50.405
734,4,12,6101.778834987891,5249.460577617151,,,,2214.0,50.105
735,4,13,6111.778834987891,5259.460577617151,,,,2182.0,49.828
736,4,14,6121.778834987891,5269.460577617151,,,,2153.0,49.557
737,4,15,6131.778834987891,5279.460577617151,,,,2128.0,49.292
738,4,16,6141.778834987891,5289.460577617151,,,,2100.0,49.035
739,4,17,6151.778834987891,5299.460577617151,,,,2073.0,48.77
740,4,18,6161.778834987891,5309.460577617151,,,,2057.0,48.514
741,4,19,6171.778834987891,5319.460577617151,,,,2046.0,48.252
742,4,20,6181.778834987891,5329.460577617151,,,,2032.0,47.99
743,4,21,6191.778834987891,5339.460577617151,,,,2014.0,47.748
744,4,22,6201.778834987891,5349.460577617151,,,,2011.0,47.467
745,4,23,6211.778834987891,5359.460577617151,,,,2006.0,47.18
746,4,24,6221.778834987891,5369.460577617151,,,,1994.0,46.91
747,4,25,6231.778834987891,5379.460577617151,,,,1980.0,46.638
748,4,26,6241.778834987891,5389.460577617151,,,,1967.0,46.391
749,4,27,6251.778834987891,5399.460577617151,,,,1951.0,46.152
750,4,28,6261.778834987891,5409.460577617151,,,,1929.0,45.936
751,4,29,6271.778834987891,5419.460577617151,,,,1906.0,45.72
752,4,30,6281.778834987891,5429.460577617151,,,,1886.0,45.508
753,4,31,6291.778834987891,5439.460577617151,,,,1861.0,45.281
754,4,32,6301.778834987891,5449.460577617151,,,,1825.0,45.095
755,4,33,6311.778834987891,5459.460577617151,,,,1797.0,44.853
756,4,34,6321.778834987891,5469.460577617151,,,,1765.0,44.601
757,4,35,6331.778834987891,5479.460577617151,,,,1739.0,44.378
758,4,36,6341.778834987891,5489.460577617151,,,,1714.0,44.175
759,4,37,6351.778834987891,5499.460577617151,,,,1686.0,43.917
760,4,38,6361.778834987891,5509.460577617151,,,,1670.0,43.708
761,4,39,6371.778834987891,5519.460577617151,,,,1687.0,43.539
762,4,40,6381.778834987891,5529.460577617151,,,,1701.0,43.454
763,4,41,6391.778834987891,5539.460577617151,,,,1711.0,43.214
764,4,42,6401.778834987891,5549.460577617151,,,,1730.0,43.16
765,4,43,6411.778834987891,5559.460577617151,,,,1748.0,43.058
766,4,44,6421.778834987891,5569.460577617151,,,,1768.0,43.01
767,4,45,6431.778834987891,5579.460577617151,,,,1790.0,42.939
768,4,46,6441.778834987891,5589.460577617151,,,,1803.0,42.753
770,4,48,6461.778834987891,5609.460577617151,,,,1826.0,42.673
771,4,49,6471.778834987891,5619.460577617151,,,,1842.0,42.487
773,4,51,6491.778834987891,5639.460577617151,,,,1868.0,42.373
776,4,54,6521.778834987891,5669.460577617151,,,,1878.0,42.325
777,4,55,6531.778834987891,5679.460577617151,,,,1896.0,42.208
778,4,56,6541.778834987891,5689.460577617151,,,,1900.0,42.036
783,4,61,6591.778834987891,5739.460577617151,,,,2020.0,42.007
784,4,62,6601.778834987891,5749.460577617151,,,,2055.0,41.978
785,4,63,6611.778834987891,5759.460577617151,,,,2067.0,41.915
786,4,64,6621.778834987891,5769.460577617151,,,,2099.0,41.815
787,4,65,6631.778834987891,5779.460577617151,,,,2115.0,41.753
789,4,67,6651.778834987891,5799.460577617151,,,,2136.0,41.651
790,4,68,6661.778834987891,5809.460577617151,,,,2181.0,41.452
792,4,70,6681.778834987891,5829.460577617151,,,,2239.0,41.305
793,4,71,6691.778834987891,5839.460577617151,,,,2261.0,41.294
794,4,72,6701.778834987891,5849.460577617151,,,,2282.0,41.107
796,4,74,6721.778834987891,5869.460577617151,,,,2333.0,41.011
798,4,76,6741.778834987891,5889.460577617151,,,,2387.0,40.933
799,4,77,6751.778834987891,5899.460577617151,,,,2410.0,40.846
801,4,79,6771.778834987891,5919.460577617151,,,,2459.0,40.736
803,4,81,6791.778834987891,5939.460577617151,,,,2537.0,40.711
804,4,82,6801.778834987891,5949.460577617151,,,,2568.0,40.602
805,4,83,6811.778834987891,5959.460577617151,,,,2613.0,40.585
806,4,84,6821.778834987891,5969.460577617151,,,,2648.0,40.516
807,4,85,6831.778834987891,5979.460577617151,,,,2693.0,40.416
808,4,86,6841.778834987891,5989.460577617151,,,,2732.0,40.372
809,4,87,6851.778834987891,5999.460577617151,,,,2771.0,40.309
810,4,88,6861.778834987891,6009.460577617151,,,,2794.0,40.208
812,4,90,6881.778834987891,6029.460577617151,,,,2854.0,40.149
813,4,91,6891.778834987891,6039.460577617151,,,,2880.0,40.037
815,4,93,6911.778834987891,6059.460577617151,,,,2935.0,39.916
816,4,94,6921.778834987891,6069.460577617151,,,,2966.0,39.896
817,4,95,6931.778834987891,6079.460577617151,,,,3003.0,39.778
818,4,96,6941.778834987891,6089.460577617151,,,,3038.0,39.737
819,4,97,6951.778834987891,6099.460577617151,,,,3065.0,39.692
820,4,98,6961.778834987891,6109.460577617151,,,,3102.0,39.585
821,4,99,6971.778834987891,6119.460577617151,,,,3134.0,39.537
823,4,101,6991.778834987891,6139.460577617151,,,,3187.0,39.422
824,4,102,7001.778834987891,6149.460577617151,,,,3220.0,39.386
825,4,103,7011.778834987891,6159.460577617151,,,,3241.0,39.281
826,4,104,7021.778834987891,6169.460577617151,,,,3260.0,39.236
828,4,106,7041.778834987891,6189.460577617151,,,,3298.0,39.171
830,4,108,7061.778834987891,6209.460577617151,,,,3331.0,39.025
831,4,109,7071.778834987891,6219.460577617151,,,,3324.0,38.734
832,4,110,7081.778834987891,6229.460577617151,,,,3302.0,38.455
833,4,111,7091.778834987891,6239.460577617151,,,,3281.0,38.17
834,4,112,7101.778834987891,6249.460577617151,,,,3253.0,37.884
835,4,113,7111.778834987891,6259.460577617151,,,,3232.0,37.573
836,4,114,7121.778834987891,6269.460577617151,,,,3223.0,37.295
837,4,115,7131.778834987891,6279.460577617151,,,,3234.0,37.008
838,4,116,7141.778834987891,6289.460577617151,,,,3228.0,36.749
839,4,117,7151.778834987891,6299.460577617151,,,,3203.0,36.453
840,4,118,7161.778834987891,6309.460577617151,,,,3182.0,36.173
841,4,119,7171.778834987891,6319.460577617151,,,,3157.0,35.876
842,4,120,7181.778834987891,6329.460577617151,,,,3135.0,35.57
843,4,121,7191.778834987891,6339.460577617151,,,,3122.0,35.281
844,4,122,7201.778834987891,6349.460577617151,,,,3106.0,34.982
845,4,123,7211.778834987891,6359.460577617151,,,,3113.0,34.689
846,4,124,7221.778834987891,6369.460577617151,,,,3125.0,34.451
847,4,125,7231.778834987891,6379.460577617151,,,,3083.0,34.229
848,4,126,7241.778834987891,6389.460577617151,,,,3062.0,33.98
849,4,127,7251.778834987891,6399.460577617151,,,,3031.0,33.783
850,4,128,7261.778834987891,6409.460577617151,,,,3012.0,33.567
851,4,129,7271.778834987891,6419.460577617151,,,,3020.0,33.319
852,4,130,7281.778834987891,6429.460577617151,,,,3003.0,33.105
853,4,131,7291.778834987891,6439.460577617151,,,,2958.0,32.861
854,4,132,7301.778834987891,6449.460577617151,,,,2947.0,32.59
855,4,133,7311.778834987891,6459.460577617151,,,,2932.0,32.32
856,4,134,7321.778834987891,6469.460577617151,,,,2890.0,32.038
857,4,135,7331.778834987891,6479.460577617151,,,,2852.0,31.759
858,4,136,7341.778834987891,6489.460577617151,,,,2794.0,31.518
859,4,137,7351.778834987891,6499.460577617151,,,,2742.0,31.292
860,4,138,7361.778834987891,6509.460577617151,,,,2714.0,31.092
861,4,139,7371.778834987891,6519.460577617151,,,,2676.0,30.939
862,4,140,7381.778834987891,6529.460577617151,,,,2629.0,30.774
863,4,141,7391.778834987891,6539.460577617151,,,,2585.0,30.555
864,4,142,7401.778834987891,6549.460577617151,,,,2537.0,30.37
865,4,143,7411.778834987891,6559.460577617151,,,,2475.0,30.155
866,4,144,7421.778834987891,6569.460577617151,,,,2396.0,29.853
867,4,145,7431.778834987891,6579.460577617151,,,,2346.0,29.538
868,4,146,7441.778834987891,6589.460577617151,,,,2281.0,29.221
869,4,147,7451.778834987891,6599.460577617151,,,,2246.0,28.907
870,4,148,7461.778834987891,6609.460577617151,,,,2213.0,28.582
871,4,149,7471.778834987891,6619.460577617151,,,,2185.0,28.276
872,4,150,7481.778834987891,6629.460577617151,,,,2155.0,27.974
873,4,151,7491.778834987891,6639.460577617151,,,,2111.0,27.68
874,4,152,7501.778834987891,6649.460577617151,,,,2088.0,27.429
875,4,153,7511.778834987891,6659.460577617151,,,,2059.0,27.236
876,4,154,7521.778834987891,6669.460577617151,,,,2032.0,26.98
877,5,1,7531.778834987891,6679.460577617151,,,,2006.0,26.739
884,5,8,7592.778834987891,6740.460577617151,,,,1825.0,26.642
885,5,9,7602.778834987891,6750.460577617151,,,,1792.0,26.465
886,5,10,7612.778834987891,6760.460577617151,,,,1784.0,26.291
887,5,11,7622.778834987891,6770.460577617151,,,,1771.0,26.149
888,5,12,7632.778834987891,6780.460577617151,,,,1752.0,25.974
889,5,13,7642.778834987891,6790.460577617151,,,,1721.0,25.807
890,5,14,7652.778834987891,6800.460577617151,,,,1690.0,25.603
891,5,15,7662.778834987891,6810.460577617151,,,,1661.0,25.398
892,5,16,7672.778834987891,6820.460577617151,,,,1631.0,25.194
893,5,17,7682.778834987891,6830.460577617151,,,,1601.0,24.981
894,5,18,7692.778834987891,6840.460577617151,,,,1572.0,24.754
895,5,19,7702.778834987891,6850.460577617151,,,,1552.0,24.53
896,5,20,7712.778834987891,6860.460577617151,,,,1532.0,24.326
897,5,21,7722.778834987891,6870.460577617151,,,,1503.0,24.121
898,5,22,7732.778834987891,6880.460577617151,,,,1465.0,23.901
899,5,23,7742.778834987891,6890.460577617151,,,,1443.0,23.728
900,5,24,7752.778834987891,6900.460577617151,,,,1417.0,23.519
901,5,25,7762.778834987891,6910.460577617151,,,,1392.0,23.3
902,5,26,7772.778834987891,6920.460577617151,,,,1386.0,23.076
903,5,27,7782.778834987891,6930.460577617151,,,,1401.0,22.883
904,5,28,7792.778834987891,6940.460577617151,,,,1408.0,22.733
907,5,31,7822.778834987891,6970.460577617151,,,,1441.0,22.652
909,5,33,7842.778834987891,6990.460577617151,,,,1456.0,22.621
913,5,37,7882.778834987891,7030.460577617151,,,,1503.0,22.597
915,5,39,7902.778834987891,7050.460577617151,,,,1525.0,22.551
922,5,46,7972.778834987891,7120.460577617151,,,,1619.0,22.495
924,5,48,7992.778834987891,7140.460577617151,,,,1642.0,22.494
938,5,62,8132.778834987891,7280.460577617151,,,,1747.0,22.437
939,5,63,8142.778834987891,7290.460577617151,,,,1743.0,22.282
940,5,64,8152.778834987891,7300.460577617151,,,,1736.0,22.24
941,5,65,8162.778834987891,7310.460577617151,,,,1717.0,22.239
947,5,71,8222.77883498789,7370.460577617151,,,,1759.0,22.199
948,5,72,8232.77883498789,7380.460577617151,,,,1775.0,22.186
953,5,77,8282.77883498789,7430.460577617151,,,,1815.0,22.174
956,5,80,8312.77883498789,7460.460577617151,,,,1804.0,22.098
957,5,81,8322.77883498789,7470.460577617151,,,,1796.0,21.92
958,5,82,8332.77883498789,7480.460577617151,,,,1799.0,21.754
959,5,83,8342.77883498789,7490.460577617151,,,,1820.0,21.634
960,5,84,8352.77883498789,7500.460577617151,,,,1844.0,21.617
961,5,85,8362.77883498789,7510.460577617151,,,,1863.0,21.611
964,5,88,8392.77883498789,7540.460577617151,,,,1911.0,21.597
1018,5,142,8932.77883498789,8080.460577617151,,,,2912.0,21.566
1024,5,148,8992.77883498789,8140.460577617151,,,,3183.0,21.552
1027,5,151,9022.77883498789,8170.460577617151,,,,3299.0,21.516
1030,5,154,9052.77883498789,8200.46057761715,,,,3393.0,21.487
1032,5,156,9072.77883498789,8220.46057761715,,,,3428.0,21.455
1034,5,158,9092.77883498789,8240.46057761715,,,,3472.0,21.406
1036,5,160,9112.77883498789,8260.46057761715,,,,3479.0,21.294
1037,5,161,9122.77883498789,8270.46057761715,,,,3479.0,21.072
1038,5,162,9132.77883498789,8280.46057761715,,,,3470.0,20.868
1039,5,163,9142.77883498789,8290.46057761715,,,,3468.0,20.678
1040,5,164,9152.77883498789,8300.46057761715,,,,3450.0,20.488
1041,5,165,9162.77883498789,8310.46057761715,,,,3420.0,20.286
1042,5,166,9172.77883498789,8320.46057761715,,,,3395.0,20.104
1043,5,167,9182.77883498789,8330.46057761715,,,,3371.0,19.879
1044,5,168,9192.77883498789,8340.46057761715,,,,3351.0,19.677
1045,5,169,9202.77883498789,8350.46057761715,,,,3329.0,19.472
1046,5,170,9212.77883498789,8360.46057761715,,,,3307.0,19.265
1047,5,171,9222.77883498789,8370.46057761715,,,,3283.0,19.046
1048,5,172,9232.77883498789,8380.46057761715,,,,3260.0,18.807
1049,5,173,9242.77883498789,8390.46057761715,,,,3230.0,18.576
1050,5,174,9252.77883498789,8400.46057761715,,,,3207.0,18.341
1051,5,175,9262.77883498789,8410.46057761715,,,,3191.0,18.112
1052,5,176,9272.77883498789,8420.46057761715,,,,3157.0,17.908
1053,5,177,9282.77883498789,8430.46057761715,,,,3140.0,17.691
1054,5,178,9292.77883498789,8440.46057761715,,,,3109.0,17.488
1055,5,179,9302.77883498789,8450.46057761715,,,,3093.0,17.274
1056,5,180,9312.77883498789,8460.46057761715,,,,3078.0,17.068
1057,5,181,9322.77883498789,8470.46057761715,,,,3062.0,16.853
1058,5,182,9332.77883498789,8480.46057761715,,,,3050.0,16.661
1059,5,183,9342.77883498789,8490.46057761715,,,,3030.0,16.469
1060,5,184,9352.77883498789,8500.46057761715,,,,3011.0,16.283
1061,5,185,9362.77883498789,8510.46057761715,,,,2998.0,16.102
1062,5,186,9372.77883498789,8520.46057761715,,,,2983.0,15.916
1063,5,187,9382.77883498789,8530.46057761715,,,,2978.0,15.736
1064,5,188,9392.77883498789,8540.46057761715,,,,2958.0,15.57
1065,5,189,9402.77883498789,8550.46057761715,,,,2942.0,15.387
1066,5,190,9412.77883498789,8560.46057761715,,,,2927.0,15.213
1067,5,191,9422.77883498789,8570.46057761715,,,,2918.0,15.019
1068,5,192,9432.77883498789,8580.46057761715,,,,2902.0,14.834
1069,5,193,9442.77883498789,8590.46057761715,,,,2900.0,14.637
1070,5,194,9452.77883498789,8600.46057761715,,,,2877.0,14.444
1071,5,195,9462.77883498789,8610.46057761715,,,,2854.0,14.25
1072,5,196,9472.77883498789,8620.46057761715,,,,2829.0,14.065
1073,5,197,9482.77883498789,8630.46057761715,,,,2801.0,13.867
1074,5,198,9492.77883498789,8640.46057761715,,,,2782.0,13.678
1075,5,199,9502.77883498789,8650.46057761715,,,,2743.0,13.461
1076,5,200,9512.77883498789,8660.46057761715,,,,2712.0,13.263
1077,5,201,9522.77883498789,8670.46057761715,,,,2675.0,13.056
1078,5,202,9532.77883498789,8680.46057761715,,,,2657.0,12.861
1079,5,203,9542.77883498789,8690.46057761715,,,,2644.0,12.692
1080,5,204,9552.77883498789,8700.46057761715,,,,2615.0,12.545
1081,5,205,9562.77883498789,8710.46057761715,,,,2606.0,12.392
1082,5,206,9572.77883498789,8720.46057761715,,,,2586.0,12.242
1083,5,207,9582.77883498789,8730.46057761715,,,,2570.0,12.108
1084,5,208,9592.77883498789,8740.46057761715,,,,2557.0,11.98
1085,5,209,9602.77883498789,8750.46057761715,,,,2546.0,11.846
1086,5,210,9612.77883498789,8760.46057761715,,,,2522.0,11.708
1087,5,211,9622.77883498789,8770.46057761715,,,,2500.0,11.563
1088,5,212,9632.77883498789,8780.46057761715,,,,2470.0,11.423
1089,5,213,9642.77883498789,8790.46057761715,,,,2474.0,11.255
1090,5,214,9652.77883498789,8800.46057761715,,,,2446.0,11.068
1091,5,215,9662.77883498789,8810.46057761715,,,,2435.0,10.879
1092,5,216,9672.77883498789,8820.46057761715,,,,2412.0,10.697
1093,5,217,9682.77883498789,8830.46057761715,,,,2401.0,10.506
1094,5,218,9692.77883498789,8840.46057761715,,,,2393.0,10.331
1095,5,219,9702.77883498789,8850.46057761715,,,,2381.0,10.161
1096,5,220,9712.77883498789,8860.46057761715,,,,2368.0,9.986
1097,5,221,9722.77883498789,8870.46057761715,,,,2362.0,9.807
1098,5,222,9732.77883498789,8880.46057761715,,,,2370.0,9.638
1099,5,223,9742.77883498789,8890.46057761715,,,,2391.0,9.496
1100,5,224,9752.77883498789,8900.46057761715,,,,2403.0,9.329
1101,5,225,9762.77883498789,8910.46057761715,,,,2404.0,9.157
1102,5,226,9772.77883498789,8920.46057761715,,,,2417.0,8.979
1103,5,227,9782.77883498789,8930.46057761715,,,,2402.0,8.799
1104,5,228,9792.77883498789,8940.46057761715,,,,2389.0,8.61
1105,5,229,9802.77883498789,8950.46057761715,,,,2366.0,8.422
1106,5,230,9812.77883498789,8960.46057761715,,,,2333.0,8.218
1107,5,231,9822.77883498789,8970.46057761715,,,,2316.0,8.015
1108,5,232,9832.77883498789,8980.46057761715,,,,2300.0,7.824
1109,5,233,9842.77883498789,8990.46057761715,,,,2277.0,7.648
1110,5,234,9852.77883498789,9000.46057761715,,,,2253.0,7.461
1111,5,235,9862.77883498789,9010.46057761715,,,,2242.0,7.277
1112,5,236,9872.77883498789,9020.46057761715,,,,2225.0,7.097
1113,5,237,9882.77883498789,9030.46057761715,,,,2204.0,6.903
1114,5,238,9892.77883498789,9040.46057761715,,,,2182.0,6.713
1115,5,239,9902.77883498789,9050.46057761715,,,,2168.0,6.514
1116,5,240,9912.77883498789,9060.46057761715,,,,2170.0,6.329
1117,5,241,9922.77883498789,9070.46057761715,,,,2138.0,6.151
1118,5,242,9932.77883498789,9080.46057761715,,,,2113.0,5.979
1119,5,243,9942.77883498789,9090.46057761715,,,,2093.0,5.802
1120,5,244,9952.77883498789,9100.46057761715,,,,2064.0,5.624
1121,5,245,9962.77883498789,9110.46057761715,,,,2051.0,5.454
1122,5,246,9972.77883498789,9120.46057761715,,,,2051.0,5.279
1123,5,247,9983.77883498789,9131.46057761715,,,,2053.0,5.08
1124,5,248,9993.77883498789,9141.46057761715,,,,2043.0,4.895
1125,5,249,10003.77883498789,9151.46057761715,,,,2008.0,4.694
1126,5,250,10013.77883498789,9161.46057761715,,,,1988.0,4.471
1127,5,251,10023.77883498789,9171.46057761715,,,,1950.0,4.295
1128,5,252,10033.77883498789,9181.46057761715,,,,1914.0,4.099
1129,5,253,10043.77883498789,9191.46057761715,,,,1855.0,3.89
1130,5,254,10053.77883498789,9201.46057761715,,,,1801.0,3.681
1131,5,255,10063.77883498789,9211.46057761715,,,,1740.0,3.462
1132,5,256,10073.77883498789,9221.46057761715,,,,1702.0,3.26
1133,5,257,10083.77883498789,9231.46057761715,,,,1669.0,3.076
1134,5,258,10093.77883498789,9241.46057761715,,,,1635.0,2.904
1135,5,259,10103.77883498789,9251.46057761715,,,,1621.0,2.706
1136,5,260,10113.77883498789,9261.46057761715,,,,1625.0,2.491
1137,5,261,10123.77883498789,9271.46057761715,,,,1604.0,2.303
1138,5,262,10133.77883498789,9281.46057761715,,,,1574.0,2.083
1139,5,263,10143.77883498789,9291.46057761715,,,,1563.0,1.892
1140,5,264,10153.77883498789,9301.46057761715,,,,1523.0,1.694
1141,5,265,10163.77883498789,9311.46057761715,,,,1466.0,1.479
1142,5,266,10173.77883498789,9321.46057761715,,,,1414.0,1.269
1143,5,267,10183.77883498789,9331.46057761715,,,,1360.0,1.056
1144,5,268,10193.77883498789,9341.46057761715,,,,1311.0,0.845
1145,5,269,10203.77883498789,9351.46057761715,,,,1281.0,0.63
1146,5,270,10213.77883498789,9361.46057761715,,,,1240.0,0.405
1147,5,271,10223.77883498789,9371.46057761715,,,,1209.0,0.182
0,6,1147,10233.1522758963,9380.83401852556,,,,1170.57,0.0
