fixIdx,time,lat,lng,alt,tickLead,tickRace,zoneIdx,legIdx,togo,area
1,,,,829.0,-4155.973729225148,-15958.026874660867,1,1,193.734,0.0
34,,,,1314.0,-3824.973729225148,-15627.026874660867,34,1,193.683,0.0
35,,,,1334.0,-3814.973729225148,-15617.026874660867,35,1,193.656,0.0
36,,,,1348.0,-3804.973729225148,-15607.026874660867,36,1,193.625,0.0
37,,,,1372.0,-3794.973729225148,-15597.026874660867,37,1,193.556,0.0
38,,,,1394.0,-3784.973729225148,-15587.026874660867,38,1,193.53,0.0
39,,,,1404.0,-3774.973729225148,-15577.026874660867,39,1,193.524,0.0
40,,,,1427.0,-3764.973729225148,-15567.026874660867,40,1,193.366,0.0
41,,,,1448.0,-3754.973729225148,-15557.026874660867,41,1,193.326,0.0
42,,,,1472.0,-3744.973729225148,-15547.026874660867,42,1,193.308,0.0
43,,,,1504.0,-3734.973729225148,-15537.026874660867,43,1,193.186,0.0
45,,,,1554.0,-3714.973729225148,-15517.026874660867,45,1,193.112,0.0
46,,,,1578.0,-3704.973729225148,-15507.026874660867,46,1,193.069,0.0
47,,,,1602.0,-3694.973729225148,-15497.026874660867,47,1,193.063,0.0
48,,,,1625.0,-3684.973729225148,-15487.026874660867,48,1,193.03,0.0
49,,,,1649.0,-3674.973729225148,-15477.026874660867,49,1,193.004,0.0
50,,,,1674.0,-3664.973729225148,-15467.026874660867,50,1,192.865,0.0
51,,,,1698.0,-3654.973729225148,-15457.026874660867,51,1,192.838,0.0
52,,,,1716.0,-3644.973729225148,-15447.026874660867,52,1,192.815,0.0
53,,,,1739.0,-3634.973729225148,-15437.026874660867,53,1,192.736,0.0
55,,,,1780.0,-3614.973729225148,-15417.026874660867,55,1,192.714,0.0
56,,,,1804.0,-3604.973729225148,-15407.026874660867,56,1,192.607,0.0
58,,,,1839.0,-3584.973729225148,-15387.026874660867,58,1,192.507,0.0
60,,,,1874.0,-3564.973729225148,-15367.026874660867,60,1,192.47,0.0
61,,,,1887.0,-3554.973729225148,-15357.026874660867,61,1,192.453,0.0
62,,,,1917.0,-3544.973729225148,-15347.026874660867,62,1,192.321,0.0
63,,,,1932.0,-3534.973729225148,-15337.026874660867,63,1,192.305,0.0
64,,,,1965.0,-3524.973729225148,-15327.026874660867,64,1,192.265,0.0
65,,,,1986.0,-3514.973729225148,-15317.026874660867,65,1,192.125,0.0
67,,,,2028.0,-3493.973729225148,-15296.026874660867,67,1,192.082,0.0
69,,,,2063.0,-3473.973729225148,-15276.026874660867,69,1,191.984,0.0
71,,,,2085.0,-3453.973729225148,-15256.026874660867,71,1,191.982,0.0
73,,,,2084.0,-3433.973729225148,-15236.026874660867,73,1,191.932,0.0
102,,,,2165.0,-3140.973729225148,-14943.026874660867,102,1,191.871,0.0
103,,,,2170.0,-3130.973729225148,-14933.026874660867,103,1,191.862,0.0
104,,,,2175.0,-3119.973729225148,-14922.026874660867,104,1,191.796,0.0
105,,,,2181.0,-3109.973729225148,-14912.026874660867,105,1,191.718,0.0
107,,,,2177.0,-3089.973729225148,-14892.026874660867,107,1,191.566,0.0
108,,,,2168.0,-3079.973729225148,-14882.026874660867,108,1,191.381,0.0
234,,,,1995.0,-1806.973729225148,-13609.026874660867,234,1,191.345,0.0
236,,,,2025.0,-1786.973729225148,-13589.026874660867,236,1,191.322,0.0
237,,,,2039.0,-1776.973729225148,-13579.026874660867,237,1,191.284,0.0
239,,,,2072.0,-1755.973729225148,-13558.026874660867,239,1,191.174,0.0
240,,,,2085.0,-1745.973729225148,-13548.026874660867,240,1,191.157,0.0
241,,,,2102.0,-1735.973729225148,-13538.026874660867,241,1,191.03,0.0
243,,,,2131.0,-1715.973729225148,-13518.026874660867,243,1,191.0,0.0
244,,,,2143.0,-1705.973729225148,-13508.026874660867,244,1,190.881,0.0
247,,,,2177.0,-1674.973729225148,-13477.026874660867,247,1,190.727,0.0
250,,,,2214.0,-1644.973729225148,-13447.026874660867,250,1,190.555,0.0
251,,,,2223.0,-1634.973729225148,-13437.026874660867,251,1,190.454,0.0
253,,,,2249.0,-1614.973729225148,-13417.026874660867,253,1,190.4,0.0
254,,,,2265.0,-1604.973729225148,-13407.026874660867,254,1,190.357,0.0
255,,,,2274.0,-1594.973729225148,-13397.026874660867,255,1,190.292,0.0
256,,,,2291.0,-1583.973729225148,-13386.026874660867,256,1,190.209,0.0
257,,,,2297.0,-1573.973729225148,-13376.026874660867,257,1,190.2,0.0
258,,,,2304.0,-1563.973729225148,-13366.026874660867,258,1,189.985,0.0
263,,,,2286.0,-1513.973729225148,-13316.026874660867,263,1,189.829,0.0
264,,,,2294.0,-1503.973729225148,-13306.026874660867,264,1,189.648,0.0
265,,,,2283.0,-1492.973729225148,-13295.026874660867,265,1,189.629,0.0
268,,,,2326.0,-1462.973729225148,-13265.026874660867,268,1,189.564,0.0
270,,,,2352.0,-1442.973729225148,-13245.026874660867,270,1,189.405,0.0
272,,,,2377.0,-1422.973729225148,-13225.026874660867,272,1,189.358,0.0
273,,,,2390.0,-1412.973729225148,-13215.026874660867,273,1,189.268,0.0
275,,,,2404.0,-1391.973729225148,-13194.026874660867,275,1,189.164,0.0
276,,,,2414.0,-1381.973729225148,-13184.026874660867,276,1,189.027,0.0
278,,,,2427.0,-1361.973729225148,-13164.026874660867,278,1,188.883,0.0
279,,,,2433.0,-1351.973729225148,-13154.026874660867,279,1,188.862,0.0
280,,,,2442.0,-1341.973729225148,-13144.026874660867,280,1,188.756,0.0
281,,,,2446.0,-1331.973729225148,-13134.026874660867,281,1,188.722,0.0
282,,,,2447.0,-1321.973729225148,-13124.026874660867,282,1,188.693,0.0
283,,,,2442.0,-1311.973729225148,-13114.026874660867,283,1,188.483,0.0
296,,,,2306.0,-1179.973729225148,-12982.026874660867,296,1,188.314,0.0
297,,,,2280.0,-1169.973729225148,-12972.026874660867,297,1,188.155,0.0
298,,,,2276.0,-1159.973729225148,-12962.026874660867,298,1,187.953,0.0
301,,,,2270.0,-1129.973729225148,-12932.026874660867,301,1,187.894,0.0
303,,,,2280.0,-1109.973729225148,-12912.026874660867,303,1,187.856,0.0
304,,,,2281.0,-1099.973729225148,-12902.026874660867,304,1,187.844,0.0
305,,,,2286.0,-1088.973729225148,-12891.026874660867,305,1,187.751,0.0
307,,,,2281.0,-1068.973729225148,-12871.026874660867,307,1,187.713,0.0
308,,,,2280.0,-1058.973729225148,-12861.026874660867,308,1,187.524,0.0
309,,,,2302.0,-1048.973729225148,-12851.026874660867,309,1,187.493,0.0
310,,,,2308.0,-1038.973729225148,-12841.026874660867,310,1,187.443,0.0
311,,,,2314.0,-1028.973729225148,-12831.026874660867,311,1,187.4,0.0
312,,,,2324.0,-1018.973729225148,-12821.026874660867,312,1,187.324,0.0
313,,,,2329.0,-1008.973729225148,-12811.026874660867,313,1,187.165,0.0
314,,,,2322.0,-998.973729225148,-12801.026874660867,314,1,187.043,0.0
318,,,,2337.0,-957.973729225148,-12760.026874660867,318,1,187.001,0.0
320,,,,2348.0,-937.973729225148,-12740.026874660867,320,1,186.893,0.0
321,,,,2349.0,-927.973729225148,-12730.026874660867,321,1,186.864,0.0
323,,,,2355.0,-907.973729225148,-12710.026874660867,323,1,186.745,0.0
324,,,,2352.0,-896.973729225148,-12699.026874660867,324,1,186.559,0.0
325,,,,2354.0,-886.973729225148,-12689.026874660867,325,1,186.39,0.0
326,,,,2377.0,-876.973729225148,-12679.026874660867,326,1,186.213,0.0
328,,,,2399.0,-856.973729225148,-12659.026874660867,328,1,186.135,0.0
330,,,,2414.0,-836.973729225148,-12639.026874660867,330,1,186.036,0.0
332,,,,2424.0,-816.973729225148,-12619.026874660867,332,1,185.894,0.0
334,,,,2437.0,-796.973729225148,-12599.026874660867,334,1,185.806,0.0
335,,,,2439.0,-785.973729225148,-12588.026874660867,335,1,185.728,0.0
337,,,,2438.0,-765.973729225148,-12568.026874660867,337,1,185.595,0.0
338,,,,2437.0,-755.973729225148,-12558.026874660867,338,1,185.472,0.0
341,,,,2423.0,-725.973729225148,-12528.026874660867,341,1,185.41,0.0
342,,,,2439.0,-715.973729225148,-12518.026874660867,342,1,185.204,0.0
343,,,,2439.0,-705.973729225148,-12508.026874660867,343,1,185.109,0.0
345,,,,2446.0,-684.973729225148,-12487.026874660867,345,1,185.019,0.0
346,,,,2451.0,-674.973729225148,-12477.026874660867,346,1,184.927,0.0
348,,,,2465.0,-654.973729225148,-12457.026874660867,348,1,184.834,0.0
350,,,,2462.0,-634.973729225148,-12437.026874660867,350,1,184.733,0.0
351,,,,2464.0,-624.973729225148,-12427.026874660867,351,1,184.695,0.0
353,,,,2457.0,-604.973729225148,-12407.026874660867,353,1,184.542,0.0
354,,,,2453.0,-594.973729225148,-12397.026874660867,354,1,184.385,0.0
358,,,,2425.0,-553.973729225148,-12356.026874660867,358,1,184.338,0.0
359,,,,2416.0,-543.973729225148,-12346.026874660867,359,1,184.301,0.0
362,,,,2399.0,-513.973729225148,-12316.026874660867,362,1,184.292,0.0
363,,,,2399.0,-502.973729225148,-12305.026874660867,363,1,184.108,0.0
364,,,,2391.0,-492.973729225148,-12295.026874660867,364,1,184.021,0.0
366,,,,2382.0,-472.973729225148,-12275.026874660867,366,1,183.953,0.0
367,,,,2383.0,-462.973729225148,-12265.026874660867,367,1,183.782,0.0
370,,,,2361.0,-432.973729225148,-12235.026874660867,370,1,183.703,0.0
371,,,,2355.0,-422.973729225148,-12225.026874660867,371,1,183.58,0.0
376,,,,2277.0,-371.973729225148,-12174.026874660867,376,1,183.443,0.0
377,,,,2260.0,-361.973729225148,-12164.026874660867,377,1,183.262,0.0
378,,,,2256.0,-351.973729225148,-12154.026874660867,378,1,183.052,0.0
379,,,,2258.0,-341.973729225148,-12144.026874660867,379,1,182.867,0.0
380,,,,2263.0,-331.973729225148,-12134.026874660867,380,1,182.677,0.0
381,,,,2265.0,-321.973729225148,-12124.026874660867,381,1,182.555,0.0
384,,,,2267.0,-290.973729225148,-12093.026874660867,384,1,182.373,0.0
385,,,,2258.0,-280.973729225148,-12083.026874660867,385,1,182.297,0.0
398,,,,2220.0,-149.973729225148,-11952.026874660867,398,1,182.246,0.0
400,,,,2243.0,-129.973729225148,-11932.026874660867,400,1,182.161,0.0
402,,,,2284.0,-108.973729225148,-11911.026874660867,402,1,182.121,0.0
403,,,,2309.0,-98.973729225148,-11901.026874660867,403,1,182.031,0.0
405,,,,2340.0,-78.973729225148,-11881.026874660867,405,1,181.875,0.0
407,,,,2366.0,-58.973729225148,-11861.026874660867,407,1,181.839,0.0
408,,,,2367.0,-48.973729225148,-11851.026874660867,408,1,181.766,0.0
409,,,,2380.0,-38.973729225148,-11841.026874660867,409,1,181.765,0.0
410,,,,2389.0,-28.973729225148,-11831.026874660867,410,1,181.708,0.0
411,,,,2407.0,-18.973729225148,-11821.026874660867,411,1,181.643,0.0
412,,,,2414.0,-8.973729225148,-11811.026874660867,412,1,181.632,0.0
413,,,,2433.0,2.026270774852,-11800.026874660867,413,1,181.595,0.0
414,,,,2441.0,12.026270774852,-11790.026874660867,414,1,181.554,0.0
415,,,,2454.0,22.026270774852,-11780.026874660867,415,1,181.51,0.0
416,,,,2461.0,32.026270774852,-11770.026874660867,416,1,181.44,0.0
418,,,,2488.0,52.026270774852,-11750.026874660867,418,1,181.351,0.0
420,,,,2514.0,72.026270774852,-11730.026874660867,420,1,181.241,0.0
422,,,,2521.0,93.026270774852,-11709.026874660867,422,1,181.129,0.0
423,,,,2519.0,103.026270774852,-11699.026874660867,423,1,181.07,0.0
442,,,,2178.0,278.026270774852,-11524.026874660867,6,2,180.942,12883.052330974033
443,,,,2156.0,288.026270774852,-11514.026874660867,7,2,180.663,29058.33536054738
444,,,,2129.0,298.026270774852,-11504.026874660867,8,2,180.381,30343.368327390406
445,,,,2090.0,309.026270774852,-11493.026874660867,9,2,180.116,29521.80653691176
446,,,,2075.0,319.026270774852,-11483.026874660867,10,2,179.825,33415.71476433346
447,,,,2085.0,329.026270774852,-11473.026874660867,11,2,179.636,22353.429228289988
449,,,,2062.0,349.026270774852,-11453.026874660867,13,2,179.542,11784.080441130018
450,,,,2047.0,360.026270774852,-11442.026874660867,14,2,179.317,29069.700188397605
451,,,,2036.0,370.026270774852,-11432.026874660867,15,2,179.036,37260.60680328631
452,,,,2022.0,380.026270774852,-11422.026874660867,16,2,178.789,33587.77638398473
453,,,,2015.0,390.026270774852,-11412.026874660867,17,2,178.525,36791.52758572783
454,,,,2007.0,401.026270774852,-11401.026874660867,18,2,178.246,39917.79767852099
455,,,,2000.0,411.026270774852,-11391.026874660867,19,2,177.951,43189.86574850337
456,,,,1978.0,421.026270774852,-11381.026874660867,20,2,177.676,41175.285139134125
457,,,,1956.0,431.026270774852,-11371.026874660867,21,2,177.392,43464.392598860526
458,,,,1929.0,442.026270774852,-11360.026874660867,22,2,177.111,44032.59857824868
459,,,,1904.0,452.026270774852,-11350.026874660867,23,2,176.828,45277.09252925176
460,,,,1889.0,462.026270774852,-11340.026874660867,24,2,176.583,40004.86576329949
461,,,,1868.0,472.026270774852,-11330.026874660867,25,2,176.35,38816.319942848415
462,,,,1857.0,482.026270774852,-11320.026874660867,26,2,176.097,42981.84440311102
463,,,,1833.0,493.026270774852,-11309.026874660867,27,2,175.834,45633.453095517856
464,,,,1814.0,503.026270774852,-11299.026874660867,28,2,175.545,51081.57885159722
465,,,,1782.0,513.026270774852,-11289.026874660867,29,2,175.287,46436.39641814523
466,,,,1761.0,523.026270774852,-11279.026874660867,30,2,175.005,51665.76100072054
467,,,,1734.0,534.026270774852,-11268.026874660867,31,2,174.728,51734.35090265921
468,,,,1704.0,544.026270774852,-11258.026874660867,32,2,174.425,57554.36656951461
469,,,,1674.0,554.026270774852,-11248.026874660867,33,2,174.148,53493.85200133923
470,,,,1657.0,564.026270774852,-11238.026874660867,34,2,173.87,54568.979927299595
471,,,,1639.0,575.026270774852,-11227.026874660867,35,2,173.6,53947.18214265926
472,,,,1625.0,585.026270774852,-11217.026874660867,36,2,173.302,60478.14144853301
473,,,,1599.0,595.026270774852,-11207.026874660867,37,2,173.035,55023.256815539586
474,,,,1576.0,605.026270774852,-11197.026874660867,38,2,172.767,56070.77092237822
475,,,,1553.0,615.026270774852,-11187.026874660867,39,2,172.517,53089.682719556
476,,,,1524.0,626.026270774852,-11176.026874660867,40,2,172.276,52019.72371100179
477,,,,1486.0,636.026270774852,-11166.026874660867,41,2,172.079,43146.70881511741
478,,,,1450.0,646.026270774852,-11156.026874660867,42,2,171.889,42220.34921811752
479,,,,1418.0,656.026270774852,-11146.026874660867,43,2,171.663,50935.685047256484
480,,,,1391.0,667.026270774852,-11135.026874660867,44,2,171.44,51035.4933517141
481,,,,1363.0,677.026270774852,-11125.026874660867,45,2,171.199,55906.12065847454
482,,,,1337.0,687.026270774852,-11115.026874660867,46,2,170.965,55007.703717739205
483,,,,1309.0,697.026270774852,-11105.026874660867,47,2,170.749,51447.66517977843
484,,,,1272.0,707.026270774852,-11095.026874660867,48,2,170.538,50914.06259839691
485,,,,1246.0,718.026270774852,-11084.026874660867,49,2,170.307,56533.9384445864
486,,,,1216.0,728.026270774852,-11074.026874660867,50,2,170.05,63681.73122261809
487,,,,1197.0,738.026270774852,-11064.026874660867,51,2,169.808,60699.44002459059
488,,,,1170.0,748.026270774852,-11054.026874660867,52,2,169.56,62956.332506156934
489,,,,1143.0,759.026270774852,-11043.026874660867,53,2,169.328,59676.17560528057
490,,,,1110.0,769.026270774852,-11033.026874660867,54,2,169.108,57258.55849471043
491,,,,1099.0,779.026270774852,-11023.026874660867,55,2,168.905,53454.16439327505
492,,,,1102.0,789.026270774852,-11013.026874660867,56,2,168.793,29842.690481868718
495,,,,1086.0,820.026270774852,-10982.026874660867,59,2,168.623,47037.29731056487
496,,,,1073.0,830.026270774852,-10972.026874660867,60,2,168.473,41969.78036596157
498,,,,1072.0,851.026270774852,-10951.026874660867,62,2,168.463,2867.4138757034975
499,,,,1072.0,861.026270774852,-10941.026874660867,63,2,168.409,15663.004661977755
501,,,,1077.0,881.026270774852,-10921.026874660867,65,2,168.306,30555.440358681426
503,,,,1073.0,902.026270774852,-10900.026874660867,67,2,168.197,33085.265535208644
504,,,,1075.0,912.026270774852,-10890.026874660867,68,2,168.072,38335.77025589859
505,,,,1076.0,922.026270774852,-10880.026874660867,69,2,168.056,4958.701541485403
506,,,,1076.0,932.026270774852,-10870.026874660867,70,2,167.939,36639.27152133842
508,,,,1075.0,953.026270774852,-10849.026874660867,72,2,167.863,24322.13771118189
510,,,,1078.0,973.026270774852,-10829.026874660867,74,2,167.775,28739.444049387017
511,,,,1087.0,984.026270774852,-10818.026874660867,75,2,167.757,5943.101448341523
512,,,,1092.0,994.026270774852,-10808.026874660867,76,2,167.619,46005.41253306112
514,,,,1104.0,1014.026270774852,-10788.026874660867,78,2,167.524,32285.161614297755
516,,,,1119.0,1035.026270774852,-10767.026874660867,80,2,167.433,31548.72580677666
517,,,,1121.0,1045.026270774852,-10757.026874660867,81,2,167.41,8048.1538264551145
518,,,,1124.0,1055.026270774852,-10747.026874660867,82,2,167.31,35313.83933537384
520,,,,1142.0,1076.026270774852,-10726.026874660867,84,2,167.248,22319.578220073618
521,,,,1155.0,1086.026270774852,-10716.026874660867,85,2,167.187,22155.516947854085
523,,,,1153.0,1106.026270774852,-10696.026874660867,87,2,167.127,22185.604001270276
524,,,,1158.0,1116.026270774852,-10686.026874660867,88,2,166.998,48103.10382622864
526,,,,1142.0,1137.026270774852,-10665.026874660867,90,2,166.967,11771.53633409048
527,,,,1146.0,1147.026270774852,-10655.026874660867,91,2,166.921,17617.00214484572
529,,,,1145.0,1168.026270774852,-10634.026874660867,93,2,166.863,22612.371884327327
532,,,,1130.0,1198.026270774852,-10604.026874660867,96,2,166.824,15590.865896420784
533,,,,1138.0,1208.026270774852,-10594.026874660867,97,2,166.765,23776.07226285966
534,,,,1155.0,1219.026270774852,-10583.026874660867,98,2,166.701,26016.24412225037
535,,,,1158.0,1229.026270774852,-10573.026874660867,99,2,166.687,5736.396545047663
536,,,,1150.0,1239.026270774852,-10563.026874660867,100,2,166.658,11977.673154722084
538,,,,1174.0,1260.026270774852,-10542.026874660867,102,2,166.556,42825.556166566785
540,,,,1191.0,1280.026270774852,-10522.026874660867,104,2,166.392,69893.87863552573
542,,,,1204.0,1301.026270774852,-10501.026874660867,106,2,166.252,60589.00159418228
543,,,,1206.0,1311.026270774852,-10491.026874660867,107,2,166.251,435.9201681135321
544,,,,1213.0,1321.026270774852,-10481.026874660867,108,2,166.126,54884.84360016663
545,,,,1207.0,1331.026270774852,-10471.026874660867,109,2,166.122,1768.9232656454897
546,,,,1200.0,1341.026270774852,-10461.026874660867,110,2,165.969,68137.4415590563
550,,,,1160.0,1382.026270774852,-10420.026874660867,114,2,165.865,47694.743775768555
551,,,,1164.0,1393.026270774852,-10409.026874660867,115,2,165.721,66514.75329904814
552,,,,1172.0,1403.026270774852,-10399.026874660867,116,2,165.717,1860.0648845279668
553,,,,1180.0,1413.026270774852,-10389.026874660867,117,2,165.579,64601.933293564754
555,,,,1194.0,1433.026270774852,-10369.026874660867,119,2,165.526,25147.554659398797
557,,,,1215.0,1454.026270774852,-10348.026874660867,121,2,165.469,27432.699253229843
558,,,,1221.0,1464.026270774852,-10338.026874660867,122,2,165.437,15502.562469016151
560,,,,1254.0,1485.026270774852,-10317.026874660867,124,2,165.34,47647.61587250918
562,,,,1289.0,1505.026270774852,-10297.026874660867,126,2,165.327,6469.612784420607
563,,,,1304.0,1515.026270774852,-10287.026874660867,127,2,165.226,50580.44436722695
565,,,,1327.0,1536.026270774852,-10266.026874660867,129,2,165.098,64945.451759024174
567,,,,1335.0,1556.026270774852,-10246.026874660867,131,2,164.955,73440.67284097182
569,,,,1348.0,1577.026270774852,-10225.026874660867,133,2,164.864,47332.12371166713
571,,,,1377.0,1597.026270774852,-10205.026874660867,135,2,164.854,5265.6830794686375
573,,,,1415.0,1618.026270774852,-10184.026874660867,137,2,164.803,27203.078003594706
574,,,,1426.0,1628.026270774852,-10174.026874660867,138,2,164.78,12341.104995216052
576,,,,1446.0,1648.026270774852,-10154.026874660867,140,2,164.689,49410.59463394314
578,,,,1489.0,1669.026270774852,-10133.026874660867,142,2,164.67,10444.467646809555
579,,,,1500.0,1679.026270774852,-10123.026874660867,143,2,164.635,19351.911113411057
580,,,,1516.0,1689.026270774852,-10113.026874660867,144,2,164.532,57265.08617862001
581,,,,1534.0,1699.026270774852,-10103.026874660867,145,2,164.475,31862.51756733199
583,,,,1565.0,1720.026270774852,-10082.026874660867,147,2,164.412,35638.73964732202
585,,,,1593.0,1740.026270774852,-10062.026874660867,149,2,164.34,41186.6723930253
587,,,,1613.0,1761.026270774852,-10041.026874660867,151,2,164.288,30093.57214822996
588,,,,1614.0,1771.026270774852,-10031.026874660867,152,2,164.245,25019.144674112107
590,,,,1632.0,1791.026270774852,-10011.026874660867,154,2,164.172,42938.85365814613
592,,,,1652.0,1812.026270774852,-9990.026874660867,156,2,164.136,21416.497952600617
593,,,,1666.0,1822.026270774852,-9980.026874660867,157,2,164.107,17343.953706738368
594,,,,1680.0,1832.026270774852,-9970.026874660867,158,2,164.071,21644.305829653396
595,,,,1697.0,1843.026270774852,-9959.026874660867,159,2,164.004,40511.60653356319
596,,,,1712.0,1853.026270774852,-9949.026874660867,160,2,163.969,21270.990478667347
598,,,,1739.0,1873.026270774852,-9929.026874660867,162,2,163.879,55266.11251389152
600,,,,1781.0,1894.026270774852,-9908.026874660867,164,2,163.859,12414.887638612878
602,,,,1820.0,1914.026270774852,-9888.026874660867,166,2,163.745,71482.86351484813
604,,,,1853.0,1935.026270774852,-9867.026874660867,168,2,163.668,48783.56224227576
605,,,,1868.0,1945.026270774852,-9857.026874660867,169,2,163.654,8913.098446042295
606,,,,1880.0,1955.026270774852,-9847.026874660867,170,2,163.581,46701.97058534643
607,,,,1894.0,1965.026270774852,-9837.026874660867,171,2,163.555,16713.601687009705
608,,,,1908.0,1976.026270774852,-9826.026874660867,172,2,163.462,60096.05901807958
610,,,,1930.0,1996.026270774852,-9806.026874660867,174,2,163.358,67843.49580471247
612,,,,1949.0,2017.026270774852,-9785.026874660867,176,2,163.31,31627.10101543221
613,,,,1959.0,2027.026270774852,-9775.026874660867,177,2,163.242,45011.2048286447
615,,,,1978.0,2047.026270774852,-9755.026874660867,179,2,163.172,46772.46232040462
616,,,,1990.0,2057.026270774852,-9745.026874660867,180,2,163.094,52348.74319433096
618,,,,2007.0,2078.026270774852,-9724.026874660867,182,2,162.963,88759.70654187485
621,,,,2017.0,2109.026270774852,-9693.026874660867,185,2,162.801,111301.26311978143
622,,,,2022.0,2119.026270774852,-9683.026874660867,186,2,162.672,88969.47302819311
625,,,,2017.0,2149.026270774852,-9653.026874660867,189,2,162.649,16079.837634996447
626,,,,2018.0,2160.026270774852,-9642.026874660867,190,2,162.596,37234.50045522092
627,,,,2029.0,2170.026270774852,-9632.026874660867,191,2,162.491,74071.96968016814
628,,,,2035.0,2180.026270774852,-9622.026874660867,192,2,162.42,50290.33061214336
629,,,,2027.0,2190.026270774852,-9612.026874660867,193,2,162.232,133667.32486559587
630,,,,2037.0,2201.026270774852,-9601.026874660867,194,2,162.025,147735.52232490218
631,,,,2034.0,2211.026270774852,-9591.026874660867,195,2,161.833,137483.2408321208
632,,,,2034.0,2221.026270774852,-9581.026874660867,196,2,161.635,142249.32329949536
633,,,,2019.0,2231.026270774852,-9571.026874660867,197,2,161.411,161442.20123778863
634,,,,1995.0,2242.026270774852,-9560.026874660867,198,2,161.161,180803.7245540964
635,,,,1983.0,2252.026270774852,-9550.026874660867,199,2,160.894,193648.7776093805
636,,,,1970.0,2262.026270774852,-9540.026874660867,200,2,160.63,192006.07395674524
637,,,,1944.0,2272.026270774852,-9530.026874660867,201,2,160.384,179420.6513564903
638,,,,1920.0,2282.026270774852,-9520.026874660867,202,2,160.115,196743.14005663485
639,,,,1899.0,2293.026270774852,-9509.026874660867,203,2,159.852,192961.18977341134
640,,,,1868.0,2303.026270774852,-9499.026874660867,204,2,159.611,177311.3352512819
641,,,,1843.0,2313.026270774852,-9489.026874660867,205,2,159.353,190345.20474929517
642,,,,1825.0,2323.026270774852,-9479.026874660867,206,2,159.097,189380.5352776326
643,,,,1806.0,2334.026270774852,-9468.026874660867,207,2,158.857,178107.1173355141
644,,,,1778.0,2344.026270774852,-9458.026874660867,208,2,158.592,197188.83084225946
645,,,,1746.0,2354.026270774852,-9448.026874660867,209,2,158.346,183535.77303888963
646,,,,1731.0,2364.026270774852,-9438.026874660867,210,2,158.121,168330.6679124894
647,,,,1701.0,2374.026270774852,-9428.026874660867,211,2,157.887,175549.4427433612
648,,,,1688.0,2385.026270774852,-9417.026874660867,212,2,157.648,179861.6641794006
649,,,,1675.0,2395.026270774852,-9407.026874660867,213,2,157.392,193159.44354429696
650,,,,1663.0,2405.026270774852,-9397.026874660867,214,2,157.162,173997.4457227742
651,,,,1647.0,2415.026270774852,-9387.026874660867,215,2,156.931,175223.39753375403
652,,,,1623.0,2425.026270774852,-9377.026874660867,216,2,156.701,174930.14305181528
653,,,,1607.0,2436.026270774852,-9366.026874660867,217,2,156.464,180802.12559966397
654,,,,1588.0,2446.026270774852,-9356.026874660867,218,2,156.243,169040.58768920013
655,,,,1573.0,2456.026270774852,-9346.026874660867,219,2,156.033,161061.1925438285
656,,,,1560.0,2466.026270774852,-9336.026874660867,220,2,155.836,151508.19796691585
657,,,,1558.0,2477.026270774852,-9325.026874660867,221,2,155.652,141967.76846174555
658,,,,1548.0,2487.026270774852,-9315.026874660867,222,2,155.463,146238.97268586486
659,,,,1534.0,2497.026270774852,-9305.026874660867,223,2,155.362,78389.95725197223
660,,,,1511.0,2507.026270774852,-9295.026874660867,224,2,155.282,62303.41350867425
663,,,,1411.0,2538.026270774852,-9264.026874660867,227,2,155.128,121325.62514554769
664,,,,1392.0,2548.026270774852,-9254.026874660867,228,2,154.929,157216.64290607726
665,,,,1373.0,2558.026270774852,-9244.026874660867,229,2,154.708,175045.16726926764
666,,,,1394.0,2569.026270774852,-9233.026874660867,230,2,154.575,105675.96822984755
667,,,,1415.0,2579.026270774852,-9223.026874660867,231,2,154.564,8770.053625528291
668,,,,1430.0,2589.026270774852,-9213.026874660867,232,2,154.443,96803.296143237
669,,,,1443.0,2599.026270774852,-9203.026874660867,233,2,154.398,36120.8642621697
670,,,,1461.0,2609.026270774852,-9193.026874660867,234,2,154.202,157808.51940357775
672,,,,1489.0,2630.026270774852,-9172.026874660867,236,2,154.064,111883.17961736616
674,,,,1527.0,2650.026270774852,-9152.026874660867,238,2,153.944,97947.51499306218
676,,,,1565.0,2671.026270774852,-9131.026874660867,240,2,153.827,96181.53788676165
678,,,,1598.0,2691.026270774852,-9111.026874660867,242,2,153.664,134877.01652138232
680,,,,1643.0,2712.026270774852,-9090.026874660867,244,2,153.58,69993.31916116666
681,,,,1669.0,2722.026270774852,-9080.026874660867,245,2,153.577,2508.2682697691503
682,,,,1683.0,2732.026270774852,-9070.026874660867,246,2,153.44,114912.65581170452
684,,,,1719.0,2753.026270774852,-9049.026874660867,248,2,153.345,80235.78062556703
685,,,,1733.0,2763.026270774852,-9039.026874660867,249,2,153.316,24572.059577437438
686,,,,1753.0,2773.026270774852,-9029.026874660867,250,2,153.225,77354.20839234
687,,,,1769.0,2783.026270774852,-9019.026874660867,251,2,153.188,31551.95086216182
688,,,,1796.0,2793.026270774852,-9009.026874660867,252,2,153.13,49622.14483024402
689,,,,1817.0,2804.026270774852,-8998.026874660867,253,2,153.099,26618.898987071552
690,,,,1849.0,2814.026270774852,-8988.026874660867,254,2,153.022,66330.3052747603
692,,,,1896.0,2834.026270774852,-8968.026874660867,256,2,152.966,48561.969710329315
694,,,,1944.0,2855.026270774852,-8947.026874660867,258,2,152.806,139677.93485877593
696,,,,1991.0,2875.026270774852,-8927.026874660867,260,2,152.703,90469.67929869748
697,,,,2018.0,2885.026270774852,-8917.026874660867,261,2,152.679,21144.842222923184
698,,,,2041.0,2896.026270774852,-8906.026874660867,262,2,152.522,138767.60787709008
700,,,,2082.0,2916.026270774852,-8886.026874660867,264,2,152.449,64919.15169116825
702,,,,2125.0,2937.026270774852,-8865.026874660867,266,2,152.349,89519.9733279837
704,,,,2165.0,2957.026270774852,-8845.026874660867,268,2,152.246,92771.62794548878
706,,,,2206.0,2978.026270774852,-8824.026874660867,270,2,152.227,17227.843262095947
707,,,,2220.0,2988.026270774852,-8814.026874660867,271,2,152.132,86396.10533594147
709,,,,2257.0,3008.026270774852,-8794.026874660867,273,2,152.053,72284.7212228833
711,,,,2293.0,3029.026270774852,-8773.026874660867,275,2,151.977,69989.52913987347
712,,,,2309.0,3039.026270774852,-8763.026874660867,276,2,151.907,64645.80214876386
714,,,,2348.0,3059.026270774852,-8743.026874660867,278,2,151.759,137480.49618810802
716,,,,2380.0,3080.026270774852,-8722.026874660867,280,2,151.658,94387.76543096817
717,,,,2383.0,3090.026270774852,-8712.026874660867,281,2,151.548,103060.59560020773
720,,,,2403.0,3121.026270774852,-8681.026874660867,284,2,151.512,34050.89597835825
721,,,,2416.0,3131.026270774852,-8671.026874660867,285,2,151.322,180154.42983992584
723,,,,2431.0,3152.026270774852,-8650.026874660867,287,2,151.255,63899.95374646718
724,,,,2436.0,3162.026270774852,-8640.026874660867,288,2,151.054,192137.70897822033
725,,,,2430.0,3172.026270774852,-8630.026874660867,289,2,150.833,211628.1623519986
726,,,,2415.0,3182.026270774852,-8620.026874660867,290,2,150.611,212943.00543118297
727,,,,2381.0,3192.026270774852,-8610.026874660867,291,2,150.386,216177.82457048862
728,,,,2355.0,3203.026270774852,-8599.026874660867,292,2,150.146,231026.8538900506
729,,,,2332.0,3213.026270774852,-8589.026874660867,293,2,149.908,229451.36954695598
730,,,,2299.0,3223.026270774852,-8579.026874660867,294,2,149.723,178657.93813960458
731,,,,2300.0,3233.026270774852,-8569.026874660867,295,2,149.553,164486.4189361259
732,,,,2284.0,3243.026270774852,-8559.026874660867,296,2,149.369,178371.78939990868
733,,,,2269.0,3254.026270774852,-8548.026874660867,297,2,149.188,175843.73015960594
734,,,,2253.0,3264.026270774852,-8538.026874660867,298,2,148.946,235494.36438709838
735,,,,2243.0,3274.026270774852,-8528.026874660867,299,2,148.749,192008.26638363162
736,,,,2243.0,3284.026270774852,-8518.026874660867,300,2,148.569,175752.02209936938
737,,,,2246.0,3294.026270774852,-8508.026874660867,301,2,148.43,135986.82866672857
738,,,,2241.0,3305.026270774852,-8497.026874660867,302,2,148.261,165716.59183212693
739,,,,2222.0,3315.026270774852,-8487.026874660867,303,2,148.093,165046.7776354736
740,,,,2211.0,3325.026270774852,-8477.026874660867,304,2,147.94,150600.57780848435
741,,,,2205.0,3335.026270774852,-8467.026874660867,305,2,147.836,102587.75594751428
742,,,,2212.0,3346.026270774852,-8456.026874660867,306,2,147.634,199707.3772096471
743,,,,2230.0,3356.026270774852,-8446.026874660867,307,2,147.527,105990.78350157416
744,,,,2236.0,3366.026270774852,-8436.026874660867,308,2,147.372,153858.85608988404
745,,,,2226.0,3376.026270774852,-8426.026874660867,309,2,147.156,214776.2013434237
746,,,,2212.0,3386.026270774852,-8416.026874660867,310,2,146.96,195193.36252042037
747,,,,2189.0,3397.026270774852,-8405.026874660867,311,2,146.753,206534.41085311747
748,,,,2159.0,3407.026270774852,-8395.026874660867,312,2,146.521,231812.59562817126
749,,,,2156.0,3417.026270774852,-8385.026874660867,313,2,146.342,179128.98108806406
750,,,,2135.0,3427.026270774852,-8375.026874660867,314,2,146.12,222505.0404991532
751,,,,2112.0,3438.026270774852,-8364.026874660867,315,2,145.892,228899.44344299205
752,,,,2102.0,3448.026270774852,-8354.026874660867,316,2,145.684,209115.23524890764
753,,,,2083.0,3458.026270774852,-8344.026874660867,317,2,145.553,131930.7808098371
754,,,,2083.0,3468.026270774852,-8334.026874660867,318,2,145.427,127149.91181803319
755,,,,2097.0,3479.026270774852,-8323.026874660867,319,2,145.387,40469.98183635666
757,,,,2116.0,3499.026270774852,-8303.026874660867,321,2,145.286,102724.31878369788
759,,,,2131.0,3519.026270774852,-8283.026874660867,323,2,145.209,78713.98431271117
760,,,,2131.0,3530.026270774852,-8272.026874660867,324,2,145.0,214109.08734920077
761,,,,2122.0,3540.026270774852,-8262.026874660867,325,2,144.796,209280.6324457636
762,,,,2117.0,3550.026270774852,-8252.026874660867,326,2,144.638,162344.73197754755
763,,,,2117.0,3560.026270774852,-8242.026874660867,327,2,144.464,179082.6643984447
764,,,,2113.0,3570.026270774852,-8232.026874660867,328,2,144.264,206153.30902164459
765,,,,2107.0,3581.026270774852,-8221.026874660867,329,2,144.025,246736.54533552777
766,,,,2099.0,3591.026270774852,-8211.026874660867,330,2,143.818,213965.9173957331
767,,,,2088.0,3601.026270774852,-8201.026874660867,331,2,143.747,73522.56748842918
772,,,,2008.0,3652.026270774852,-8150.026874660867,336,2,143.578,177334.81775432665
773,,,,1986.0,3663.026270774852,-8139.026874660867,337,2,143.337,253285.50097754193
774,,,,1972.0,3673.026270774852,-8129.026874660867,338,2,143.148,198878.449993567
775,,,,1955.0,3683.026270774852,-8119.026874660867,339,2,143.004,151762.36801461197
776,,,,1932.0,3693.026270774852,-8109.026874660867,340,2,142.894,116141.17072380315
777,,,,1919.0,3704.026270774852,-8098.026874660867,341,2,142.748,154471.71891736973
778,,,,1921.0,3714.026270774852,-8088.026874660867,342,2,142.534,226742.5963119455
779,,,,1924.0,3724.026270774852,-8078.026874660867,343,2,142.4,142187.62799253815
780,,,,1934.0,3734.026270774852,-8068.026874660867,344,2,142.336,68045.5490710548
782,,,,1943.0,3755.026270774852,-8047.026874660867,346,2,142.201,144239.9278510283
783,,,,1934.0,3765.026270774852,-8037.026874660867,347,2,142.075,134858.63262700487
785,,,,1881.0,3785.026270774852,-8017.026874660867,349,2,141.971,111812.64349926928
786,,,,1849.0,3796.026270774852,-8006.026874660867,350,2,141.773,213265.73627860652
787,,,,1831.0,3806.026270774852,-7996.026874660867,351,2,141.544,246933.435395164
788,,,,1803.0,3816.026270774852,-7986.026874660867,352,2,141.341,219137.80809645643
789,,,,1776.0,3826.026270774852,-7976.026874660867,353,2,141.12,238835.40862972708
790,,,,1754.0,3837.026270774852,-7965.026874660867,354,2,140.907,230496.88671843885
791,,,,1732.0,3847.026270774852,-7955.026874660867,355,2,140.655,272960.4555346914
792,,,,1723.0,3857.026270774852,-7945.026874660867,356,2,140.43,243934.25159716242
793,,,,1715.0,3867.026270774852,-7935.026874660867,357,2,140.212,236584.49709686878
794,,,,1695.0,3877.026270774852,-7925.026874660867,358,2,140.006,223800.98479404932
795,,,,1678.0,3888.026270774852,-7914.026874660867,359,2,139.769,257802.09432772442
796,,,,1661.0,3898.026270774852,-7904.026874660867,360,2,139.513,278694.03467636305
797,,,,1640.0,3908.026270774852,-7894.026874660867,361,2,139.269,265834.9206758735
798,,,,1614.0,3918.026270774852,-7884.026874660867,362,2,139.027,263869.7914504974
799,,,,1589.0,3928.026270774852,-7874.026874660867,363,2,138.781,268444.3320689085
800,,,,1560.0,3938.026270774852,-7864.026874660867,364,2,138.527,277379.7320304132
801,,,,1536.0,3948.026270774852,-7854.026874660867,365,2,138.276,274299.2044731263
802,,,,1513.0,3958.026270774852,-7844.026874660867,366,2,138.031,267939.43937575683
803,,,,1487.0,3968.026270774852,-7834.026874660867,367,2,137.792,261579.0255100645
804,,,,1463.0,3978.026270774852,-7824.026874660867,368,2,137.552,262878.15972006536
805,,,,1447.0,3988.026270774852,-7814.026874660867,369,2,137.324,249936.4976988342
806,,,,1427.0,3998.026270774852,-7804.026874660867,370,2,137.117,227125.02185001248
807,,,,1418.0,4008.026270774852,-7794.026874660867,371,2,136.911,226252.15312313332
808,,,,1416.0,4018.026270774852,-7784.026874660867,372,2,136.717,213292.23152938602
809,,,,1422.0,4028.026270774852,-7774.026874660867,373,2,136.513,224517.83406462634
810,,,,1423.0,4038.026270774852,-7764.026874660867,374,2,136.4,124529.37459086493
813,,,,1434.0,4068.026270774852,-7734.026874660867,377,2,136.286,126459.49453067109
815,,,,1447.0,4088.026270774852,-7714.026874660867,379,2,136.159,141447.81430234996
816,,,,1452.0,4098.026270774852,-7704.026874660867,380,2,136.044,128281.93017310704
819,,,,1451.0,4128.026270774852,-7674.026874660867,383,2,135.942,114522.06603486717
820,,,,1456.0,4138.026270774852,-7664.026874660867,384,2,135.743,223723.69380773144
821,,,,1464.0,4148.026270774852,-7654.026874660867,385,2,135.726,19143.02924291202
822,,,,1466.0,4158.026270774852,-7644.026874660867,386,2,135.653,82373.27382758088
823,,,,1479.0,4168.026270774852,-7634.026874660867,387,2,135.461,216961.9726799479
824,,,,1478.0,4178.026270774852,-7624.026874660867,388,2,135.397,72425.71773759442
826,,,,1491.0,4198.026270774852,-7604.026874660867,390,2,135.25,167018.93276763117
829,,,,1473.0,4228.026270774852,-7574.026874660867,393,2,135.069,206867.76586162852
830,,,,1467.0,4238.026270774852,-7564.026874660867,394,2,134.951,135033.51872888007
834,,,,1441.0,4278.026270774852,-7524.026874660867,398,2,134.851,115422.00439075309
835,,,,1430.0,4288.026270774852,-7514.026874660867,399,2,134.684,193014.11786918287
836,,,,1427.0,4298.026270774852,-7504.026874660867,400,2,134.572,129614.16849513433
837,,,,1415.0,4308.026270774852,-7494.026874660867,401,2,134.543,33621.28020592344
841,,,,1384.0,4348.026270774852,-7454.026874660867,405,2,134.347,229151.593653933
842,,,,1378.0,4359.026270774852,-7443.026874660867,406,2,134.213,156868.45276744245
862,,,,1374.0,4559.026270774852,-7243.026874660867,426,2,134.127,105209.74341695705
863,,,,1389.0,4569.026270774852,-7233.026874660867,427,2,134.07,69847.75090837122
864,,,,1404.0,4579.026270774852,-7223.026874660867,428,2,134.032,46650.55184737512
865,,,,1422.0,4589.026270774852,-7213.026874660867,429,2,133.964,83629.16654347007
866,,,,1433.0,4599.026270774852,-7203.026874660867,430,2,133.852,137949.59581018338
867,,,,1448.0,4609.026270774852,-7193.026874660867,431,2,133.765,107310.47916503953
869,,,,1480.0,4629.026270774852,-7173.026874660867,433,2,133.654,137405.74296976934
870,,,,1493.0,4639.026270774852,-7163.026874660867,434,2,133.593,75625.7170809405
871,,,,1506.0,4649.026270774852,-7153.026874660867,435,2,133.557,44711.54525655175
872,,,,1516.0,4659.026270774852,-7143.026874660867,436,2,133.511,57236.73409182209
873,,,,1527.0,4669.026270774852,-7133.026874660867,437,2,133.429,102200.68956308445
874,,,,1537.0,4679.026270774852,-7123.026874660867,438,2,133.41,23722.387130285337
875,,,,1550.0,4689.026270774852,-7113.026874660867,439,2,133.258,190062.8151513817
877,,,,1563.0,4709.026270774852,-7093.026874660867,441,2,133.182,95355.1449285065
878,,,,1564.0,4719.026270774852,-7083.026874660867,442,2,133.0,228613.81284693012
881,,,,1608.0,4749.026270774852,-7053.026874660867,445,2,132.857,180546.3484495236
883,,,,1631.0,4769.026270774852,-7033.026874660867,447,2,132.745,141866.2465438717
884,,,,1641.0,4779.026270774852,-7023.026874660867,448,2,132.685,76109.81658310902
886,,,,1647.0,4799.026270774852,-7003.026874660867,450,2,132.628,72574.91124777187
887,,,,1644.0,4809.026270774852,-6993.026874660867,451,2,132.469,202702.4915312621
889,,,,1666.0,4829.026270774852,-6973.026874660867,453,2,132.359,140674.75061602498
891,,,,1673.0,4849.026270774852,-6953.026874660867,455,2,132.218,180894.6561336596
893,,,,1680.0,4869.026270774852,-6933.026874660867,457,2,132.179,50206.88161763189
894,,,,1678.0,4879.026270774852,-6923.026874660867,458,2,131.973,265493.7367803957
895,,,,1669.0,4889.026270774852,-6913.026874660867,459,2,131.852,156071.53006236022
896,,,,1671.0,4899.026270774852,-6903.026874660867,460,2,131.803,63290.98579964455
897,,,,1665.0,4909.026270774852,-6893.026874660867,461,2,131.638,213384.40031685733
898,,,,1659.0,4919.026270774852,-6883.026874660867,462,2,131.494,186386.86377814715
899,,,,1656.0,4929.026270774852,-6873.026874660867,463,2,131.474,25923.523607475683
903,,,,1621.0,4969.026270774852,-6833.026874660867,467,2,131.438,47030.99885647226
904,,,,1614.0,4979.026270774852,-6823.026874660867,468,2,131.225,278562.6731777859
905,,,,1608.0,4989.026270774852,-6813.026874660867,469,2,131.021,266903.8454147569
906,,,,1578.0,4999.026270774852,-6803.026874660867,470,2,130.818,265714.8280617902
907,,,,1559.0,5009.026270774852,-6793.026874660867,471,2,130.609,273684.39457598433
908,,,,1559.0,5019.026270774852,-6783.026874660867,472,2,130.403,269865.3735074447
909,,,,1566.0,5029.026270774852,-6773.026874660867,473,2,130.257,191386.43421004765
910,,,,1566.0,5039.026270774852,-6763.026874660867,474,2,130.196,80058.20006743872
912,,,,1559.0,5060.026270774852,-6742.026874660867,476,2,130.03,218580.5657922128
913,,,,1539.0,5070.026270774852,-6732.026874660867,477,2,129.844,245067.64931899923
914,,,,1529.0,5080.026270774852,-6722.026874660867,478,2,129.739,138462.28824187408
915,,,,1510.0,5090.026270774852,-6712.026874660867,479,2,129.601,182166.5430026664
916,,,,1511.0,5100.026270774852,-6702.026874660867,480,2,129.394,273422.42992785346
917,,,,1530.0,5110.026270774852,-6692.026874660867,481,2,129.224,224662.61159621362
918,,,,1528.0,5120.026270774852,-6682.026874660867,482,2,129.111,149463.0644926496
920,,,,1552.0,5140.026270774852,-6662.026874660867,484,2,129.11,1327.2627236343674
921,,,,1558.0,5150.026270774852,-6652.026874660867,485,2,129.044,87746.99220577365
923,,,,1590.0,5170.026270774852,-6632.026874660867,487,2,128.922,162710.30162995687
924,,,,1607.0,5180.026270774852,-6622.026874660867,488,2,128.914,10684.778028425095
925,,,,1621.0,5190.026270774852,-6612.026874660867,489,2,128.774,187237.04855286193
927,,,,1653.0,5210.026270774852,-6592.026874660867,491,2,128.647,170328.6119264527
929,,,,1685.0,5230.026270774852,-6572.026874660867,493,2,128.638,12110.465781668107
930,,,,1700.0,5240.026270774852,-6562.026874660867,494,2,128.482,210181.2265397022
932,,,,1733.0,5260.026270774852,-6542.026874660867,496,2,128.391,122955.44427101116
933,,,,1750.0,5270.026270774852,-6532.026874660867,497,2,128.35,55474.30440618094
934,,,,1768.0,5280.026270774852,-6522.026874660867,498,2,128.341,12198.017011224409
935,,,,1789.0,5290.026270774852,-6512.026874660867,499,2,128.201,189995.94873801715
937,,,,1825.0,5310.026270774852,-6492.026874660867,501,2,128.1,137457.46936581115
938,,,,1835.0,5320.026270774852,-6482.026874660867,502,2,128.082,24532.109461794502
939,,,,1846.0,5330.026270774852,-6472.026874660867,503,2,128.002,109194.75580198684
940,,,,1864.0,5340.026270774852,-6462.026874660867,504,2,127.998,5468.186901280131
941,,,,1877.0,5350.026270774852,-6452.026874660867,505,2,127.843,212157.19102690442
943,,,,1896.0,5370.026270774852,-6432.026874660867,507,2,127.719,170174.4570726715
945,,,,1914.0,5390.026270774852,-6412.026874660867,509,2,127.67,67451.11754406852
946,,,,1926.0,5400.026270774852,-6402.026874660867,510,2,127.512,217722.3416049629
948,,,,1934.0,5420.026270774852,-6382.026874660867,512,2,127.396,160266.53456915793
949,,,,1936.0,5430.026270774852,-6372.026874660867,513,2,127.215,250240.53980791068
950,,,,1933.0,5440.026270774852,-6362.026874660867,514,2,126.997,301476.5509194801
951,,,,1916.0,5450.026270774852,-6352.026874660867,515,2,126.8,272490.4625364412
952,,,,1914.0,5460.026270774852,-6342.026874660867,516,2,126.561,330622.49412154546
953,,,,1927.0,5470.026270774852,-6332.026874660867,517,2,126.356,283609.84003675776
954,,,,1922.0,5480.026270774852,-6322.026874660867,518,2,126.152,282285.09661047754
955,,,,1917.0,5490.026270774852,-6312.026874660867,519,2,125.924,315530.0805888522
956,,,,1909.0,5500.026270774852,-6302.026874660867,520,2,125.705,303088.5781970598
957,,,,1914.0,5510.026270774852,-6292.026874660867,521,2,125.459,340444.3786151254
958,,,,1943.0,5520.026270774852,-6282.026874660867,522,2,125.241,301683.7877661545
959,,,,1967.0,5530.026270774852,-6272.026874660867,523,2,125.109,182746.3541492868
960,,,,1990.0,5540.026270774852,-6262.026874660867,524,2,125.044,90080.52246135104
961,,,,2007.0,5550.026270774852,-6252.026874660867,525,2,124.926,163706.12789485263
963,,,,2046.0,5571.026270774852,-6231.026874660867,527,2,124.798,178076.02744870147
964,,,,2072.0,5581.026270774852,-6221.026874660867,528,2,124.71,122540.9418436385
965,,,,2086.0,5591.026270774852,-6211.026874660867,529,2,124.632,108738.05844777267
967,,,,2115.0,5611.026270774852,-6191.026874660867,531,2,124.46,240397.8220044698
968,,,,2121.0,5621.026270774852,-6181.026874660867,532,2,124.292,234904.57652049707
970,,,,2129.0,5641.026270774852,-6161.026874660867,534,2,124.171,169591.9435481725
971,,,,2130.0,5651.026270774852,-6151.026874660867,535,2,124.071,140282.20635098103
972,,,,2128.0,5661.026270774852,-6141.026874660867,536,2,124.003,95496.0333145386
973,,,,2130.0,5671.026270774852,-6131.026874660867,537,2,123.941,87178.01013621863
974,,,,2121.0,5681.026270774852,-6121.026874660867,538,2,123.829,157649.84246031975
975,,,,2116.0,5691.026270774852,-6111.026874660867,539,2,123.686,201431.8545397307
976,,,,2108.0,5701.026270774852,-6101.026874660867,540,2,123.577,153652.16160818812
977,,,,2102.0,5711.026270774852,-6091.026874660867,541,2,123.52,80437.1151304933
978,,,,2091.0,5721.026270774852,-6081.026874660867,542,2,123.507,18372.223435666398
980,,,,2064.0,5741.026270774852,-6061.026874660867,544,2,123.482,35449.25843981831
981,,,,2050.0,5751.026270774852,-6051.026874660867,545,2,123.293,268230.5970064077
982,,,,2044.0,5761.026270774852,-6041.026874660867,546,2,123.069,317922.7417230274
983,,,,2056.0,5771.026270774852,-6031.026874660867,547,2,122.842,322149.05696886627
984,,,,2077.0,5781.026270774852,-6021.026874660867,548,2,122.636,292337.64198084176
986,,,,2099.0,5801.026270774852,-6001.026874660867,550,2,122.564,102413.63819477141
987,,,,2114.0,5811.026270774852,-5991.026874660867,551,2,122.503,86869.53728108862
988,,,,2133.0,5821.026270774852,-5981.026874660867,552,2,122.396,152535.2958574535
989,,,,2152.0,5831.026270774852,-5971.026874660867,553,2,122.302,134123.00384216165
990,,,,2171.0,5841.026270774852,-5961.026874660867,554,2,122.183,169937.15362943604
992,,,,2205.0,5861.026270774852,-5941.026874660867,556,2,122.082,144596.00178513178
993,,,,2208.0,5871.026270774852,-5931.026874660867,557,2,122.019,90286.77317449501
994,,,,2209.0,5881.026270774852,-5921.026874660867,558,2,121.863,223747.12603919
995,,,,2226.0,5891.026270774852,-5911.026874660867,559,2,121.656,296957.4030715848
997,,,,2242.0,5911.026270774852,-5891.026874660867,561,2,121.495,231400.7837511953
998,,,,2246.0,5921.026270774852,-5881.026874660867,562,2,121.309,267402.68845276453
999,,,,2239.0,5931.026270774852,-5871.026874660867,563,2,121.238,102137.23665172864
1002,,,,2236.0,5961.026270774852,-5841.026874660867,566,2,121.21,40466.689124319375
1003,,,,2227.0,5971.026270774852,-5831.026874660867,567,2,121.092,170721.40968042475
1004,,,,2218.0,5981.026270774852,-5821.026874660867,568,2,120.891,290908.64269625355
1005,,,,2213.0,5991.026270774852,-5811.026874660867,569,2,120.707,266325.27355388284
1006,,,,2205.0,6001.026270774852,-5801.026874660867,570,2,120.522,267809.98976044083
1007,,,,2192.0,6011.026270774852,-5791.026874660867,571,2,120.387,195494.89426193075
1008,,,,2186.0,6021.026270774852,-5781.026874660867,572,2,120.385,2899.389074527248
1018,,,,2127.0,6121.026270774852,-5681.026874660867,582,2,120.328,83984.40401287371
1019,,,,2114.0,6131.026270774852,-5671.026874660867,583,2,120.183,213813.99261449205
1020,,,,2102.0,6141.026270774852,-5661.026874660867,584,2,119.986,290552.17526987195
1021,,,,2088.0,6151.026270774852,-5651.026874660867,585,2,119.798,277284.5244625612
1022,,,,2065.0,6161.026270774852,-5641.026874660867,586,2,119.651,216861.98218809103
1023,,,,2053.0,6171.026270774852,-5631.026874660867,587,2,119.498,225796.59852930644
1024,,,,2038.0,6181.026270774852,-5621.026874660867,1,3,119.349,219971.61767266973
1025,,,,2036.0,6182.026270774852,-5620.026874660867,2,3,119.334,22133.168645811147
1026,,,,2034.0,6183.026270774852,-5619.026874660867,3,3,119.319,22133.9665289893
1027,,,,2018.0,6193.026270774852,-5609.026874660867,4,3,119.199,177257.78880632785
1028,,,,1988.0,6203.026270774852,-5599.026874660867,5,3,118.998,296985.99197256146
1029,,,,1968.0,6213.026270774852,-5589.026874660867,6,3,118.795,299915.07366929634
1030,,,,1964.0,6224.026270774852,-5578.026874660867,7,3,118.639,230536.0907577331
1031,,,,1947.0,6234.026270774852,-5568.026874660867,8,3,118.447,283776.06766711164
1032,,,,1918.0,6244.026270774852,-5558.026874660867,9,3,118.222,332497.6770325656
1033,,,,1886.0,6254.026270774852,-5548.026874660867,10,3,117.987,347155.46347746154
1034,,,,1884.0,6264.026270774852,-5538.026874660867,11,3,117.749,351444.24627823586
1035,,,,1877.0,6274.026270774852,-5528.026874660867,12,3,117.552,290828.07714128296
1036,,,,1856.0,6284.026270774852,-5518.026874660867,13,3,117.331,326198.41830541386
1037,,,,1861.0,6294.026270774852,-5508.026874660867,14,3,117.111,324628.5035340578
1038,,,,1862.0,6304.026270774852,-5498.026874660867,15,3,116.914,290634.0503595667
1039,,,,1850.0,6314.026270774852,-5488.026874660867,16,3,116.775,205097.0694415573
1040,,,,1845.0,6324.026270774852,-5478.026874660867,17,3,116.558,320206.07273899793
1041,,,,1832.0,6334.026270774852,-5468.026874660867,18,3,116.332,333379.69147339027
1042,,,,1854.0,6344.026270774852,-5458.026874660867,19,3,116.139,284636.8113203038
1043,,,,1875.0,6354.026270774852,-5448.026874660867,20,3,116.136,4427.644356132853
1044,,,,1888.0,6364.026270774852,-5438.026874660867,21,3,116.029,158092.94502952445
1045,,,,1909.0,6374.026270774852,-5428.026874660867,22,3,116.027,2958.2620805749634
1046,,,,1927.0,6384.026270774852,-5418.026874660867,23,3,115.892,199877.893473405
1047,,,,1947.0,6394.026270774852,-5408.026874660867,24,3,115.846,68159.98755708238
1048,,,,1970.0,6404.026270774852,-5398.026874660867,25,3,115.841,7418.648172999403
1049,,,,1982.0,6414.026270774852,-5388.026874660867,26,3,115.718,182682.73763581133
1051,,,,2019.0,6434.026270774852,-5368.026874660867,28,3,115.687,46154.841324857094
1053,,,,2053.0,6454.026270774852,-5348.026874660867,30,3,115.605,122406.70082603517
1054,,,,2072.0,6464.026270774852,-5338.026874660867,31,3,115.497,161335.73511669596
1055,,,,2081.0,6474.026270774852,-5328.026874660867,32,3,115.492,7477.14427129326
1056,,,,2088.0,6484.026270774852,-5318.026874660867,33,3,115.452,59897.878523122454
1057,,,,2098.0,6494.026270774852,-5308.026874660867,34,3,115.285,250234.82731984512
1060,,,,2125.0,6524.026270774852,-5278.026874660867,37,3,115.197,132323.01481877494
1062,,,,2141.0,6544.026270774852,-5258.026874660867,39,3,115.086,167274.55819013214
1063,,,,2140.0,6554.026270774852,-5248.026874660867,40,3,114.976,165861.56310976957
1064,,,,2130.0,6564.026270774852,-5238.026874660867,41,3,114.762,322713.34122258634
1065,,,,2122.0,6574.026270774852,-5228.026874660867,42,3,114.548,322602.85232839355
1066,,,,2119.0,6584.026270774852,-5218.026874660867,43,3,114.343,308939.9932145024
1067,,,,2102.0,6594.026270774852,-5208.026874660867,44,3,114.137,310360.2432034121
1068,,,,2101.0,6604.026270774852,-5198.026874660867,45,3,113.932,308765.6018476141
1069,,,,2089.0,6614.026270774852,-5188.026874660867,46,3,113.727,308677.23438955547
1070,,,,2106.0,6624.026270774852,-5178.026874660867,47,3,113.531,295051.14059977216
1071,,,,2116.0,6634.026270774852,-5168.026874660867,48,3,113.345,279948.85002275725
1072,,,,2126.0,6644.026270774852,-5158.026874660867,49,3,113.172,260362.38748844224
1075,,,,2142.0,6674.026270774852,-5128.026874660867,52,3,113.079,140430.47595438984
1076,,,,2156.0,6684.026270774852,-5118.026874660867,53,3,113.055,36275.6543211495
1078,,,,2166.0,6704.026270774852,-5098.026874660867,55,3,112.91,219656.9179599832
1079,,,,2150.0,6714.026270774852,-5088.026874660867,56,3,112.739,259067.27668955503
1080,,,,2125.0,6724.026270774852,-5078.026874660867,57,3,112.543,296901.2089212061
1081,,,,2103.0,6734.026270774852,-5068.026874660867,58,3,112.331,321033.17380622047
1082,,,,2096.0,6744.026270774852,-5058.026874660867,59,3,112.124,313342.1962376131
1083,,,,2103.0,6754.026270774852,-5048.026874660867,60,3,111.908,326833.4909147449
1084,,,,2099.0,6764.026270774852,-5038.026874660867,61,3,111.707,304020.0846424145
1085,,,,2093.0,6774.026270774852,-5028.026874660867,62,3,111.483,338664.46283581376
1086,,,,2124.0,6784.026270774852,-5018.026874660867,63,3,111.336,222206.66259529232
1087,,,,2123.0,6794.026270774852,-5008.026874660867,64,3,111.233,155750.38220518065
1090,,,,2149.0,6824.026270774852,-4978.026874660867,67,3,111.126,162360.05135712406
1091,,,,2163.0,6835.026270774852,-4967.026874660867,68,3,110.981,220125.54108884907
1093,,,,2189.0,6855.026270774852,-4947.026874660867,70,3,110.917,97351.46364366275
1095,,,,2223.0,6875.026270774852,-4927.026874660867,72,3,110.861,85384.8562716707
1096,,,,2232.0,6885.026270774852,-4917.026874660867,73,3,110.847,21370.515662188584
1097,,,,2248.0,6895.026270774852,-4907.026874660867,74,3,110.812,53492.061985373686
1099,,,,2263.0,6915.026270774852,-4887.026874660867,76,3,110.686,192989.72560442064
1100,,,,2272.0,6925.026270774852,-4877.026874660867,77,3,110.487,304794.13824184996
1101,,,,2287.0,6935.026270774852,-4867.026874660867,78,3,110.306,277148.1512279737
1102,,,,2307.0,6945.026270774852,-4857.026874660867,79,3,110.225,124059.08067014485
1104,,,,2352.0,6965.026270774852,-4837.026874660867,81,3,110.157,104377.71653319811
1106,,,,2393.0,6985.026270774852,-4817.026874660867,83,3,110.114,66159.74503265136
1108,,,,2424.0,7005.026270774852,-4797.026874660867,85,3,109.972,218922.56607984068
1110,,,,2451.0,7025.026270774852,-4777.026874660867,87,3,109.951,32444.2619035012
1111,,,,2449.0,7035.026270774852,-4767.026874660867,88,3,109.801,231894.1639582841
1112,,,,2463.0,7045.026270774852,-4757.026874660867,89,3,109.713,136090.4069186651
1113,,,,2483.0,7055.026270774852,-4747.026874660867,90,3,109.538,270693.77385638555
1115,,,,2533.0,7075.026270774852,-4727.026874660867,92,3,109.437,156474.64164193382
1117,,,,2573.0,7095.026270774852,-4707.026874660867,94,3,109.328,169183.63301173228
1119,,,,2621.0,7115.026270774852,-4687.026874660867,96,3,109.236,143068.15136979645
1121,,,,2653.0,7135.026270774852,-4667.026874660867,98,3,109.224,18704.6140693624
1122,,,,2671.0,7145.026270774852,-4657.026874660867,99,3,109.156,106102.49691679985
1123,,,,2683.0,7155.026270774852,-4647.026874660867,100,3,109.08,118672.80780540225
1125,,,,2708.0,7175.026270774852,-4627.026874660867,102,3,109.036,68859.47332335361
1126,,,,2720.0,7185.026270774852,-4617.026874660867,103,3,108.917,186353.7656645084
1128,,,,2726.0,7205.026270774852,-4597.026874660867,105,3,108.895,34525.506005989
1129,,,,2737.0,7215.026270774852,-4587.026874660867,106,3,108.684,331235.8604044401
1130,,,,2758.0,7225.026270774852,-4577.026874660867,107,3,108.466,342023.35112433496
1131,,,,2770.0,7235.026270774852,-4567.026874660867,108,3,108.403,98850.33347593174
1132,,,,2780.0,7245.026270774852,-4557.026874660867,109,3,108.367,56538.15640977327
1133,,,,2783.0,7255.026270774852,-4547.026874660867,110,3,108.163,320469.89103583136
1134,,,,2786.0,7265.026270774852,-4537.026874660867,111,3,107.943,345403.46879985364
1135,,,,2772.0,7275.026270774852,-4527.026874660867,112,3,107.72,349876.7399114064
1136,,,,2760.0,7285.026270774852,-4517.026874660867,113,3,107.473,387218.60459685244
1137,,,,2764.0,7295.026270774852,-4507.026874660867,114,3,107.215,404067.8868051818
1138,,,,2767.0,7305.026270774852,-4497.026874660867,115,3,106.977,372393.4085035734
1139,,,,2742.0,7315.026270774852,-4487.026874660867,116,3,106.717,406426.0782158179
1140,,,,2720.0,7325.026270774852,-4477.026874660867,117,3,106.442,429383.7005843354
1141,,,,2697.0,7335.026270774852,-4467.026874660867,118,3,106.164,433532.8255001584
1142,,,,2680.0,7345.026270774852,-4457.026874660867,119,3,105.894,420544.32685054664
1143,,,,2695.0,7355.026270774852,-4447.026874660867,120,3,105.638,398290.7947800441
1144,,,,2707.0,7365.026270774852,-4437.026874660867,121,3,105.433,318681.4092997347
1147,,,,2731.0,7395.026270774852,-4407.026874660867,124,3,105.424,14033.637489391489
1148,,,,2747.0,7405.026270774852,-4397.026874660867,125,3,105.247,276124.2992398128
1151,,,,2788.0,7436.026270774852,-4366.026874660867,128,3,105.117,203355.38995527942
1152,,,,2810.0,7446.026270774852,-4356.026874660867,129,3,104.933,287782.95854442747
1154,,,,2841.0,7466.026270774852,-4336.026874660867,131,3,104.716,339658.15233626415
1157,,,,2851.0,7496.026270774852,-4306.026874660867,134,3,104.544,269802.37467663875
1158,,,,2831.0,7506.026270774852,-4296.026874660867,135,3,104.234,485798.87735555146
1159,,,,2809.0,7516.026270774852,-4286.026874660867,136,3,103.944,453754.681929224
1160,,,,2782.0,7526.026270774852,-4276.026874660867,137,3,103.642,471813.9022124211
1161,,,,2752.0,7536.026270774852,-4266.026874660867,138,3,103.331,485083.4832210658
1162,,,,2738.0,7546.026270774852,-4256.026874660867,139,3,103.022,481157.85414743586
1163,,,,2721.0,7556.026270774852,-4246.026874660867,140,3,102.732,450857.9625019423
1164,,,,2703.0,7566.026270774852,-4236.026874660867,141,3,102.454,431579.061257877
1165,,,,2688.0,7576.026270774852,-4226.026874660867,142,3,102.208,381429.0734028058
1166,,,,2671.0,7586.026270774852,-4216.026874660867,143,3,101.949,401123.7546289091
1167,,,,2660.0,7596.026270774852,-4206.026874660867,144,3,101.685,408357.63239645655
1168,,,,2652.0,7606.026270774852,-4196.026874660867,145,3,101.425,401663.5989228487
1169,,,,2625.0,7616.026270774852,-4186.026874660867,146,3,101.171,391916.0204218767
1170,,,,2593.0,7626.026270774852,-4176.026874660867,147,3,100.904,411454.81206405873
1171,,,,2565.0,7636.026270774852,-4166.026874660867,148,3,100.619,438567.95281712245
1172,,,,2543.0,7646.026270774852,-4156.026874660867,149,3,100.334,437900.1963994351
1173,,,,2518.0,7656.026270774852,-4146.026874660867,150,3,100.071,403522.4634809968
1174,,,,2488.0,7666.026270774852,-4136.026874660867,151,3,99.792,427471.2473870833
1175,,,,2459.0,7676.026270774852,-4126.026874660867,152,3,99.523,411555.790386911
1176,,,,2436.0,7686.026270774852,-4116.026874660867,153,3,99.267,391143.7215660375
1177,,,,2407.0,7696.026270774852,-4106.026874660867,154,3,99.006,398263.6105809677
1178,,,,2385.0,7706.026270774852,-4096.026874660867,155,3,98.749,391643.6428705174
1179,,,,2362.0,7716.026270774852,-4086.026874660867,156,3,98.499,380492.68746444944
1180,,,,2351.0,7726.026270774852,-4076.026874660867,157,3,98.251,376983.7258561736
1181,,,,2330.0,7736.026270774852,-4066.026874660867,158,3,98.036,326473.4985514956
1182,,,,2290.0,7746.026270774852,-4056.026874660867,159,3,97.805,350424.5816366946
1183,,,,2239.0,7756.026270774852,-4046.026874660867,160,3,97.564,365184.1902553189
1184,,,,2230.0,7766.026270774852,-4036.026874660867,161,3,97.29,414628.11153254414
1185,,,,2228.0,7776.026270774852,-4026.026874660867,162,3,97.01,423046.9332352368
1186,,,,2246.0,7786.026270774852,-4016.026874660867,163,3,96.792,328950.5470056636
1187,,,,2269.0,7796.026270774852,-4006.026874660867,164,3,96.595,297007.07608799235
1189,,,,2301.0,7816.026270774852,-3986.026874660867,166,3,96.435,241396.408167622
1190,,,,2319.0,7826.026270774852,-3976.026874660867,167,3,96.332,155385.75943227398
1192,,,,2352.0,7846.026270774852,-3956.026874660867,169,3,96.216,175245.4533006776
1193,,,,2365.0,7856.026270774852,-3946.026874660867,170,3,96.075,213000.68381631954
1195,,,,2405.0,7877.026270774852,-3925.026874660867,172,3,95.954,183026.7148078396
1196,,,,2451.0,7887.026270774852,-3915.026874660867,173,3,95.827,192097.88672489786
1197,,,,2500.0,7897.026270774852,-3905.026874660867,174,3,95.813,21187.40560343173
1198,,,,2540.0,7907.026270774852,-3895.026874660867,175,3,95.784,43933.91285964232
1199,,,,2584.0,7917.026270774852,-3885.026874660867,176,3,95.663,183398.60234379914
1201,,,,2670.0,7937.026270774852,-3865.026874660867,178,3,95.547,176046.10001524317
1202,,,,2695.0,7947.026270774852,-3855.026874660867,179,3,95.517,45551.718821981514
1203,,,,2741.0,7957.026270774852,-3845.026874660867,180,3,95.464,80540.964213595
1204,,,,2781.0,7967.026270774852,-3835.026874660867,181,3,95.452,18252.39345013571
1205,,,,2810.0,7977.026270774852,-3825.026874660867,182,3,95.392,91342.0560971888
1206,,,,2851.0,7987.026270774852,-3815.026874660867,183,3,95.217,266419.84082806733
1208,,,,2885.0,8007.026270774852,-3795.026874660867,185,3,95.092,190476.1453206114
1209,,,,2877.0,8017.026270774852,-3785.026874660867,186,3,94.86,353301.24041120306
1210,,,,2867.0,8027.026270774852,-3775.026874660867,187,3,94.603,390851.89093334024
1211,,,,2863.0,8037.026270774852,-3765.026874660867,188,3,94.32,429701.2893054699
1212,,,,2887.0,8047.026270774852,-3755.026874660867,189,3,94.065,386564.4562250728
1213,,,,2885.0,8057.026270774852,-3745.026874660867,190,3,93.764,455516.2994114272
1214,,,,2908.0,8067.026270774852,-3735.026874660867,191,3,93.451,472713.98518761824
1215,,,,2912.0,8077.026270774852,-3725.026874660867,192,3,93.134,477735.4671142002
1216,,,,2919.0,8087.026270774852,-3715.026874660867,193,3,92.812,484207.5601964553
1217,,,,2917.0,8097.026270774852,-3705.026874660867,194,3,92.513,448673.83669576206
1218,,,,2891.0,8107.026270774852,-3695.026874660867,195,3,92.215,446283.23518641636
1219,,,,2875.0,8117.026270774852,-3685.026874660867,196,3,91.924,434946.38023799047
1220,,,,2849.0,8127.026270774852,-3675.026874660867,197,3,91.631,437084.59798970836
1221,,,,2825.0,8137.026270774852,-3665.026874660867,198,3,91.325,455547.64018913655
1222,,,,2796.0,8147.026270774852,-3655.026874660867,199,3,91.015,460513.9187660602
1223,,,,2765.0,8157.026270774852,-3645.026874660867,200,3,90.705,459511.39231681725
1224,,,,2731.0,8167.026270774852,-3635.026874660867,201,3,90.422,418633.1177591
1225,,,,2703.0,8177.026270774852,-3625.026874660867,202,3,90.16,386875.4246036155
1226,,,,2679.0,8187.026270774852,-3615.026874660867,203,3,89.895,390640.4790238578
1227,,,,2653.0,8197.026270774852,-3605.026874660867,204,3,89.644,369393.16080677626
1228,,,,2652.0,8207.026270774852,-3595.026874660867,205,3,89.419,330654.3176528579
1229,,,,2676.0,8217.026270774852,-3585.026874660867,206,3,89.219,293574.62779173977
1230,,,,2691.0,8227.026270774852,-3575.026874660867,207,3,89.031,275695.8773599187
1231,,,,2697.0,8237.026270774852,-3565.026874660867,208,3,88.972,86506.70784934459
1232,,,,2702.0,8247.026270774852,-3555.026874660867,209,3,88.97,2934.984697341597
1233,,,,2707.0,8257.026270774852,-3545.026874660867,210,3,88.851,174724.4475509588
1234,,,,2688.0,8267.026270774852,-3535.026874660867,211,3,88.674,259765.8794533061
1235,,,,2679.0,8277.026270774852,-3525.026874660867,212,3,88.419,373779.8704094485
1236,,,,2680.0,8288.026270774852,-3514.026874660867,213,3,88.162,376121.5474983479
1237,,,,2686.0,8298.026270774852,-3504.026874660867,214,3,87.915,360889.61820476805
1238,,,,2685.0,8308.026270774852,-3494.026874660867,215,3,87.618,433124.83429022925
1239,,,,2671.0,8318.026270774852,-3484.026874660867,216,3,87.334,413292.514323375
1240,,,,2667.0,8328.026270774852,-3474.026874660867,217,3,87.036,432743.0663688359
1241,,,,2644.0,8338.026270774852,-3464.026874660867,218,3,86.759,401402.7153770218
1242,,,,2622.0,8348.026270774852,-3454.026874660867,219,3,86.492,386163.14114994375
1243,,,,2613.0,8358.026270774852,-3444.026874660867,220,3,86.21,407052.2945503465
1244,,,,2593.0,8368.026270774852,-3434.026874660867,221,3,85.924,411960.64455073915
1245,,,,2575.0,8378.026270774852,-3424.026874660867,222,3,85.636,413952.2458600862
1246,,,,2564.0,8388.026270774852,-3414.026874660867,223,3,85.36,395872.0274944816
1247,,,,2539.0,8398.026270774852,-3404.026874660867,224,3,85.084,395064.5203560765
1248,,,,2521.0,8408.026270774852,-3394.026874660867,225,3,84.799,407088.5071830377
1249,,,,2501.0,8418.026270774852,-3384.026874660867,226,3,84.51,411896.55925492314
1250,,,,2485.0,8428.026270774852,-3374.026874660867,227,3,84.223,408138.72698629816
1251,,,,2470.0,8438.026270774852,-3364.026874660867,228,3,83.966,364730.0825170324
1252,,,,2454.0,8448.026270774852,-3354.026874660867,229,3,83.7,376774.8415423733
1253,,,,2437.0,8458.026270774852,-3344.026874660867,230,3,83.423,391548.01067284687
1254,,,,2416.0,8468.026270774852,-3334.026874660867,231,3,83.159,372403.8785908832
1255,,,,2395.0,8478.026270774852,-3324.026874660867,232,3,82.912,347764.7123010209
1256,,,,2380.0,8488.026270774852,-3314.026874660867,233,3,82.661,352752.3814064888
1257,,,,2405.0,8498.026270774852,-3304.026874660867,234,3,82.423,333887.3841945331
1258,,,,2432.0,8508.026270774852,-3294.026874660867,235,3,82.201,310938.82032962044
1259,,,,2440.0,8518.026270774852,-3284.026874660867,236,3,82.066,188896.13389187257
1261,,,,2483.0,8538.026270774852,-3264.026874660867,238,3,81.934,184831.19270974098
1263,,,,2519.0,8558.026270774852,-3244.026874660867,240,3,81.832,142954.40048649628
1264,,,,2522.0,8568.026270774852,-3234.026874660867,241,3,81.586,344441.7504108944
1265,,,,2504.0,8578.026270774852,-3224.026874660867,242,3,81.338,346596.45533065754
1266,,,,2476.0,8588.026270774852,-3214.026874660867,243,3,81.081,358478.67019034317
1267,,,,2449.0,8598.026270774852,-3204.026874660867,244,3,80.835,342470.87332807307
1268,,,,2422.0,8608.026270774852,-3194.026874660867,245,3,80.576,359862.4032535387
1269,,,,2391.0,8618.026270774852,-3184.026874660867,246,3,80.292,393727.56063605915
1270,,,,2365.0,8628.026270774852,-3174.026874660867,247,3,80.011,388650.67717481806
1271,,,,2341.0,8638.026270774852,-3164.026874660867,248,3,79.737,378094.63327282626
1272,,,,2310.0,8648.026270774852,-3154.026874660867,249,3,79.48,353866.5892797549
1273,,,,2280.0,8659.026270774852,-3143.026874660867,250,3,79.209,372378.99158829154
1274,,,,2257.0,8669.026270774852,-3133.026874660867,251,3,78.901,422163.20105105074
1275,,,,2234.0,8679.026270774852,-3123.026874660867,252,3,78.619,385527.90152462735
1276,,,,2208.0,8689.026270774852,-3113.026874660867,253,3,78.33,394119.1214256644
1277,,,,2190.0,8699.026270774852,-3103.026874660867,254,3,78.071,352378.92961384397
1278,,,,2169.0,8709.026270774852,-3093.026874660867,255,3,77.812,351615.5878213043
1279,,,,2139.0,8719.026270774852,-3083.026874660867,256,3,77.526,387357.2854149943
1280,,,,2115.0,8729.026270774852,-3073.026874660867,257,3,77.23,399857.2801097593
1281,,,,2094.0,8739.026270774852,-3063.026874660867,258,3,76.963,359781.6129644933
1282,,,,2067.0,8749.026270774852,-3053.026874660867,259,3,76.693,362971.9027787834
1283,,,,2041.0,8759.026270774852,-3043.026874660867,260,3,76.411,378173.8322013163
1284,,,,2015.0,8769.026270774852,-3033.026874660867,261,3,76.129,377210.8893910021
1285,,,,2004.0,8779.026270774852,-3023.026874660867,262,3,75.872,342946.1384513071
1286,,,,1996.0,8789.026270774852,-3013.026874660867,263,3,75.615,342175.7682289902
1287,,,,2030.0,8799.026270774852,-3003.026874660867,264,3,75.382,309569.9907652949
1288,,,,2051.0,8809.026270774852,-2993.026874660867,265,3,75.174,275860.36591833585
1289,,,,2063.0,8819.026270774852,-2983.026874660867,266,3,75.039,178838.87308361367
1291,,,,2102.0,8839.026270774852,-2963.026874660867,268,3,74.951,116667.36843112046
1292,,,,2121.0,8849.026270774852,-2953.026874660867,269,3,74.915,47742.05415943694
1293,,,,2128.0,8859.026270774852,-2943.026874660867,270,3,74.874,54406.3721290115
1294,,,,2135.0,8869.026270774852,-2933.026874660867,271,3,74.667,274540.59291448555
1295,,,,2160.0,8879.026270774852,-2923.026874660867,272,3,74.489,235736.0875549739
1297,,,,2165.0,8899.026270774852,-2903.026874660867,274,3,74.37,157639.31804531126
1298,,,,2142.0,8909.026270774852,-2893.026874660867,275,3,74.114,338649.051338172
1299,,,,2114.0,8919.026270774852,-2883.026874660867,276,3,73.839,362889.09080599423
1300,,,,2097.0,8929.026270774852,-2873.026874660867,277,3,73.57,354062.86622459406
1301,,,,2083.0,8939.026270774852,-2863.026874660867,278,3,73.288,370200.44066070917
1302,,,,2094.0,8949.026270774852,-2853.026874660867,279,3,73.021,349589.26360175764
1303,,,,2082.0,8959.026270774852,-2843.026874660867,280,3,72.765,334361.75460126303
1304,,,,2058.0,8969.026270774852,-2833.026874660867,281,3,72.489,359569.19597409107
1305,,,,2037.0,8979.026270774852,-2823.026874660867,282,3,72.221,348227.110960547
1306,,,,2015.0,8989.026270774852,-2813.026874660867,283,3,71.966,330505.686380587
1307,,,,1986.0,8999.026270774852,-2803.026874660867,284,3,71.703,340027.7306928238
1308,,,,1956.0,9010.026270774852,-2792.026874660867,285,3,71.437,343058.91266606434
1309,,,,1924.0,9020.026270774852,-2782.026874660867,286,3,71.159,357569.06717784936
1310,,,,1892.0,9030.026270774852,-2772.026874660867,287,3,70.879,359129.92400553066
1311,,,,1861.0,9040.026270774852,-2762.026874660867,288,3,70.617,335131.4199889049
1312,,,,1831.0,9050.026270774852,-2752.026874660867,289,3,70.323,375000.14656529843
1313,,,,1808.0,9060.026270774852,-2742.026874660867,290,3,70.06,334502.7746761475
1314,,,,1804.0,9070.026270774852,-2732.026874660867,291,3,69.825,298158.7468485242
1315,,,,1800.0,9080.026270774852,-2722.026874660867,292,3,69.583,306330.4491702013
1316,,,,1782.0,9090.026270774852,-2712.026874660867,293,3,69.331,318208.44116335537
1317,,,,1760.0,9100.026270774852,-2702.026874660867,294,3,69.047,357625.1356244358
1318,,,,1728.0,9110.026270774852,-2692.026874660867,295,3,68.766,352789.8941776464
1319,,,,1712.0,9120.026270774852,-2682.026874660867,296,3,68.492,342992.25904948113
1320,,,,1716.0,9130.026270774852,-2672.026874660867,297,3,68.246,307111.6969244617
1321,,,,1715.0,9140.026270774852,-2662.026874660867,298,3,68.071,218039.66820180914
1322,,,,1688.0,9150.026270774852,-2652.026874660867,299,3,67.873,246290.4519281265
1323,,,,1676.0,9160.026270774852,-2642.026874660867,300,3,67.653,273112.77848206577
1324,,,,1676.0,9170.026270774852,-2632.026874660867,301,3,67.437,267576.2313665087
1325,,,,1692.0,9180.026270774852,-2622.026874660867,302,3,67.19,305262.2109986345
1326,,,,1673.0,9190.026270774852,-2612.026874660867,303,3,66.967,274938.11703305895
1327,,,,1656.0,9200.026270774852,-2602.026874660867,304,3,66.808,195686.62878528197
1328,,,,1649.0,9210.026270774852,-2592.026874660867,305,3,66.669,170876.40803965816
1329,,,,1667.0,9220.026270774852,-2582.026874660867,306,3,66.549,147392.81516879823
1330,,,,1681.0,9230.026270774852,-2572.026874660867,307,3,66.447,125210.77053861792
1331,,,,1677.0,9240.026270774852,-2562.026874660867,308,3,66.366,99402.84433713782
1335,,,,1727.0,9280.026270774852,-2522.026874660867,312,3,66.317,60333.78455858388
1337,,,,1751.0,9300.026270774852,-2502.026874660867,314,3,66.298,23433.136694066536
1338,,,,1759.0,9310.026270774852,-2492.026874660867,315,3,66.201,119656.2095725959
1341,,,,1771.0,9340.026270774852,-2462.026874660867,318,3,66.19,13601.889598150345
1342,,,,1770.0,9350.026270774852,-2452.026874660867,319,3,65.989,248411.3016113864
1343,,,,1775.0,9360.026270774852,-2442.026874660867,320,3,65.884,129605.14816262358
1346,,,,1775.0,9390.026270774852,-2412.026874660867,323,3,65.785,122401.16153562338
1347,,,,1792.0,9400.026270774852,-2402.026874660867,324,3,65.566,270399.9243016606
1348,,,,1795.0,9410.026270774852,-2392.026874660867,325,3,65.504,76469.07288524556
1349,,,,1811.0,9420.026270774852,-2382.026874660867,326,3,65.481,28379.289244793974
1350,,,,1826.0,9430.026270774852,-2372.026874660867,327,3,65.432,60491.13843010205
1351,,,,1826.0,9440.026270774852,-2362.026874660867,328,3,65.382,61744.379829253565
1352,,,,1848.0,9450.026270774852,-2352.026874660867,329,3,65.269,139516.05820023903
1354,,,,1874.0,9471.026270774852,-2331.026874660867,331,3,65.186,102550.04676877451
1356,,,,1888.0,9491.026270774852,-2311.026874660867,333,3,65.126,74207.67692383556
1357,,,,1892.0,9501.026270774852,-2301.026874660867,334,3,64.956,210105.12489034093
1358,,,,1906.0,9511.026270774852,-2291.026874660867,335,3,64.954,2471.154845684521
1360,,,,1924.0,9531.026270774852,-2271.026874660867,337,3,64.858,118775.19189712212
1361,,,,1940.0,9541.026270774852,-2261.026874660867,338,3,64.792,81641.60769639643
1362,,,,1950.0,9551.026270774852,-2251.026874660867,339,3,64.783,11138.168061321285
1364,,,,1974.0,9571.026270774852,-2231.026874660867,341,3,64.66,152384.98948885858
1366,,,,2007.0,9591.026270774852,-2211.026874660867,343,3,64.648,14882.357100256817
1367,,,,2020.0,9601.026270774852,-2201.026874660867,344,3,64.572,94288.99071791582
1368,,,,2034.0,9611.026270774852,-2191.026874660867,345,3,64.545,33505.56573309946
1369,,,,2037.0,9621.026270774852,-2181.026874660867,346,3,64.334,261629.0796424997
1370,,,,2018.0,9631.026270774852,-2171.026874660867,347,3,64.097,293150.5933907178
1371,,,,2044.0,9641.026270774852,-2161.026874660867,348,3,63.844,312071.0831536203
1372,,,,2071.0,9651.026270774852,-2151.026874660867,349,3,63.712,162498.11252333174
1374,,,,2100.0,9671.026270774852,-2131.026874660867,351,3,63.544,206756.94801111356
1376,,,,2126.0,9691.026270774852,-2111.026874660867,353,3,63.391,188209.95421116168
1378,,,,2150.0,9711.026270774852,-2091.026874660867,355,3,63.303,108268.9310867615
1379,,,,2156.0,9721.026270774852,-2081.026874660867,356,3,63.299,4922.805471727823
1380,,,,2165.0,9731.026270774852,-2071.026874660867,357,3,63.184,141543.08051774022
1381,,,,2170.0,9741.026270774852,-2061.026874660867,358,3,62.961,274018.332240696
1382,,,,2179.0,9751.026270774852,-2051.026874660867,359,3,62.742,268435.5829140327
1383,,,,2187.0,9761.026270774852,-2041.026874660867,360,3,62.529,260450.76017880085
1384,,,,2170.0,9772.026270774852,-2030.026874660867,361,3,62.281,302472.3565161472
1385,,,,2158.0,9782.026270774852,-2020.026874660867,362,3,62.039,294296.5644478173
1386,,,,2147.0,9792.026270774852,-2010.026874660867,363,3,61.814,272873.6616857142
1387,,,,2129.0,9802.026270774852,-2000.026874660867,364,3,61.564,302338.5993089149
1388,,,,2111.0,9812.026270774852,-1990.026874660867,365,3,61.278,344724.0743101956
1389,,,,2090.0,9822.026270774852,-1980.026874660867,366,3,60.991,344666.7177390921
1390,,,,2077.0,9832.026270774852,-1970.026874660867,367,3,60.688,362494.39075428556
1391,,,,2111.0,9842.026270774852,-1960.026874660867,368,3,60.437,299220.97344395425
1392,,,,2117.0,9852.026270774852,-1950.026874660867,369,3,60.225,252018.2211034533
1393,,,,2121.0,9862.026270774852,-1940.026874660867,370,3,60.179,54621.66091089252
1394,,,,2144.0,9872.026270774852,-1930.026874660867,371,3,60.175,4752.551399177154
1395,,,,2166.0,9882.026270774852,-1920.026874660867,372,3,60.039,161562.27523162507
1396,,,,2187.0,9892.026270774852,-1910.026874660867,373,3,59.94,117496.70657419275
1397,,,,2192.0,9902.026270774852,-1900.026874660867,374,3,59.921,22550.468645983587
1398,,,,2210.0,9912.026270774852,-1890.026874660867,375,3,59.754,198099.0312404836
1400,,,,2241.0,9932.026270774852,-1870.026874660867,377,3,59.599,183739.65538184892
1401,,,,2259.0,9942.026270774852,-1860.026874660867,378,3,59.475,146795.7676846087
1402,,,,2274.0,9952.026270774852,-1850.026874660867,379,3,59.465,11836.940046457254
1403,,,,2298.0,9962.026270774852,-1840.026874660867,380,3,59.272,228292.19486941362
1405,,,,2332.0,9982.026270774852,-1820.026874660867,382,3,59.22,61505.09335758552
1406,,,,2353.0,9992.026270774852,-1810.026874660867,383,3,59.014,243367.83022434675
1407,,,,2374.0,10002.026270774852,-1800.026874660867,384,3,58.828,219230.53304292084
1408,,,,2387.0,10012.026270774852,-1790.026874660867,385,3,58.814,16489.687123654345
1409,,,,2397.0,10022.026270774852,-1780.026874660867,386,3,58.58,275307.0259753363
1410,,,,2391.0,10032.026270774852,-1770.026874660867,387,3,58.344,276824.3749654392
1411,,,,2360.0,10042.026270774852,-1760.026874660867,388,3,58.091,295818.56219593063
1412,,,,2324.0,10052.026270774852,-1750.026874660867,389,3,57.828,306453.07915315067
1413,,,,2292.0,10063.026270774852,-1739.026874660867,390,3,57.556,315822.5247177737
1414,,,,2259.0,10073.026270774852,-1729.026874660867,391,3,57.289,308875.39945192105
1415,,,,2228.0,10083.026270774852,-1719.026874660867,392,3,57.019,311194.0530791312
1416,,,,2197.0,10093.026270774852,-1709.026874660867,393,3,56.764,292845.77608272637
1417,,,,2169.0,10103.026270774852,-1699.026874660867,394,3,56.484,320361.30535156024
1418,,,,2149.0,10113.026270774852,-1689.026874660867,395,3,56.188,337278.64921029954
1419,,,,2129.0,10123.026270774852,-1679.026874660867,396,3,55.914,310938.3485357553
1420,,,,2099.0,10133.026270774852,-1669.026874660867,397,3,55.638,311979.17964986723
1421,,,,2090.0,10143.026270774852,-1659.026874660867,398,3,55.375,296140.0449295479
1422,,,,2075.0,10153.026270774852,-1649.026874660867,399,3,55.115,291670.04689105524
1423,,,,2034.0,10163.026270774852,-1639.026874660867,400,3,54.827,321794.90906732454
1424,,,,2022.0,10173.026270774852,-1629.026874660867,401,3,54.537,322643.2250723351
1425,,,,2021.0,10183.026270774852,-1619.026874660867,402,3,54.274,291410.6464174592
1426,,,,2013.0,10193.026270774852,-1609.026874660867,403,3,54.025,274869.7434725653
1427,,,,2009.0,10203.026270774852,-1599.026874660867,404,3,53.774,276068.88326977525
1428,,,,2001.0,10213.026270774852,-1589.026874660867,405,3,53.515,283798.0522713776
1429,,,,1996.0,10223.026270774852,-1579.026874660867,406,3,53.263,275081.7633834835
1430,,,,1994.0,10233.026270774852,-1569.026874660867,407,3,53.02,264286.0056662281
1431,,,,1967.0,10243.026270774852,-1559.026874660867,408,3,52.771,269821.37806067656
1432,,,,1933.0,10253.026270774852,-1549.026874660867,409,3,52.51,281736.15215031273
1433,,,,1895.0,10263.026270774852,-1539.026874660867,410,3,52.216,315992.8726345478
1434,,,,1883.0,10273.026270774852,-1529.026874660867,411,3,51.909,328391.4101564428
1435,,,,1883.0,10283.026270774852,-1519.026874660867,412,3,51.614,314036.26994568214
1436,,,,1878.0,10293.026270774852,-1509.026874660867,413,3,51.339,291416.93175514636
1437,,,,1870.0,10303.026270774852,-1499.026874660867,414,3,51.054,300662.96414887946
1438,,,,1896.0,10313.026270774852,-1489.026874660867,415,3,50.795,272046.1958769067
1439,,,,1925.0,10323.026270774852,-1479.026874660867,416,3,50.58,224996.8094629607
1440,,,,1939.0,10333.026270774852,-1469.026874660867,417,3,50.548,33438.66498274573
1443,,,,2020.0,10363.026270774852,-1439.026874660867,420,3,50.54,8380.620797283504
1444,,,,2048.0,10373.026270774852,-1429.026874660867,421,3,50.453,91141.46466829572
1446,,,,2101.0,10393.026270774852,-1409.026874660867,423,3,50.343,115233.30235879183
1448,,,,2151.0,10413.026270774852,-1389.026874660867,425,3,50.247,100554.84600741908
1449,,,,2182.0,10423.026270774852,-1379.026874660867,426,3,50.231,16756.557338156803
1450,,,,2214.0,10433.026270774852,-1369.026874660867,427,3,50.137,98431.3461900435
1451,,,,2231.0,10444.026270774852,-1358.026874660867,428,3,50.047,94169.18951202126
1453,,,,2293.0,10464.026270774852,-1338.026874660867,430,3,50.02,28271.80035460956
1454,,,,2325.0,10474.026270774852,-1328.026874660867,431,3,49.989,32472.40369273778
1455,,,,2355.0,10484.026270774852,-1318.026874660867,432,3,49.894,99481.71962036024
1456,,,,2385.0,10495.026270774852,-1307.026874660867,433,3,49.884,10471.727312451649
1457,,,,2413.0,10505.026270774852,-1297.026874660867,434,3,49.779,109931.0554885413
1459,,,,2464.0,10525.026270774852,-1277.026874660867,436,3,49.648,137087.80410018764
1461,,,,2508.0,10546.026270774852,-1256.026874660867,438,3,49.527,126554.16080389793
1462,,,,2526.0,10556.026270774852,-1246.026874660867,439,3,49.251,287786.0729809926
1463,,,,2534.0,10566.026270774852,-1236.026874660867,440,3,49.001,259533.30328904267
1464,,,,2553.0,10576.026270774852,-1226.026874660867,441,3,48.725,285260.55716121325
1465,,,,2548.0,10586.026270774852,-1216.026874660867,442,3,48.448,284943.2328343723
1466,,,,2522.0,10597.026270774852,-1205.026874660867,443,3,48.123,332593.7627983773
1467,,,,2486.0,10607.026270774852,-1195.026874660867,444,3,47.813,315454.6584170425
1468,,,,2456.0,10617.026270774852,-1185.026874660867,445,3,47.502,314720.13814865943
1469,,,,2434.0,10627.026270774852,-1175.026874660867,446,3,47.202,301926.5687842427
1470,,,,2423.0,10638.026270774852,-1164.026874660867,447,3,46.918,284355.29325991235
1471,,,,2423.0,10648.026270774852,-1154.026874660867,448,3,46.6,316658.71441132046
1472,,,,2430.0,10658.026270774852,-1144.026874660867,449,3,46.304,293091.2887073792
1473,,,,2488.0,10668.026270774852,-1134.026874660867,450,3,46.033,266949.5098181905
1474,,,,2524.0,10678.026270774852,-1124.026874660867,451,3,45.995,37341.74126258473
1475,,,,2569.0,10689.026270774852,-1113.026874660867,452,3,45.829,162930.51861574344
1477,,,,2661.0,10709.026270774852,-1093.026874660867,454,3,45.71,116654.93314025442
1479,,,,2755.0,10730.026270774852,-1072.026874660867,456,3,45.537,169381.30833338675
1481,,,,2833.0,10750.026270774852,-1052.026874660867,458,3,45.372,161250.23281122788
1483,,,,2906.0,10771.026270774852,-1031.026874660867,460,3,45.152,214508.00406983588
1484,,,,2938.0,10781.026270774852,-1021.026874660867,461,3,45.145,6814.46030420305
1485,,,,2977.0,10791.026270774852,-1011.026874660867,462,3,45.014,127450.9660186297
1487,,,,3048.0,10811.026270774852,-991.026874660867,464,3,44.897,113727.53141470593
1488,,,,3079.0,10822.026270774852,-980.026874660867,465,3,44.8,94158.21916974138
1489,,,,3118.0,10832.026270774852,-970.026874660867,466,3,44.707,90167.42231389327
1491,,,,3166.0,10852.026270774852,-950.026874660867,468,3,44.608,95955.62391105496
1492,,,,3153.0,10863.026270774852,-939.026874660867,469,3,44.372,228115.73030735413
1493,,,,3129.0,10873.026270774852,-929.026874660867,470,3,44.074,286579.35310039757
1494,,,,3104.0,10883.026270774852,-919.026874660867,471,3,43.791,270615.1002287031
1495,,,,3077.0,10893.026270774852,-909.026874660867,472,3,43.5,276701.1784548394
1496,,,,3067.0,10903.026270774852,-899.026874660867,473,3,43.225,260030.36216655964
1497,,,,3065.0,10914.026270774852,-888.026874660867,474,3,42.922,284883.81820798176
1498,,,,3041.0,10924.026270774852,-878.026874660867,475,3,42.653,251467.53444469752
1499,,,,3023.0,10934.026270774852,-868.026874660867,476,3,42.382,251969.00438647773
1500,,,,2997.0,10944.026270774852,-858.026874660867,477,3,42.077,281918.06201502855
1501,,,,2968.0,10954.026270774852,-848.026874660867,478,3,41.775,277392.1372788175
1502,,,,2948.0,10965.026270774852,-837.026874660867,479,3,41.473,275670.58511081804
1503,,,,2916.0,10975.026270774852,-827.026874660867,480,3,41.206,242276.9206100485
1504,,,,2881.0,10985.026270774852,-817.026874660867,481,3,40.928,250823.87306722766
1505,,,,2854.0,10995.026270774852,-807.026874660867,482,3,40.646,252928.13298943377
1506,,,,2820.0,11005.026270774852,-797.026874660867,483,3,40.36,254961.32321385207
1507,,,,2801.0,11016.026270774852,-786.026874660867,484,3,40.047,277244.64042286464
1508,,,,2777.0,11026.026270774852,-776.026874660867,485,3,39.786,229742.83712671083
1509,,,,2757.0,11036.026270774852,-766.026874660867,486,3,39.519,233681.62092881714
1510,,,,2735.0,11046.026270774852,-756.026874660867,487,3,39.25,234052.71525379526
1511,,,,2715.0,11057.026270774852,-745.026874660867,488,3,38.982,231823.55882968978
1512,,,,2696.0,11067.026270774852,-735.026874660867,489,3,38.66,276683.66929639364
1513,,,,2679.0,11077.026270774852,-725.026874660867,490,3,38.367,249996.42004977888
1514,,,,2668.0,11087.026270774852,-715.026874660867,491,3,38.082,241563.74034172008
1515,,,,2654.0,11097.026270774852,-705.026874660867,492,3,37.798,239140.0283730955
1516,,,,2643.0,11108.026270774852,-694.026874660867,493,3,37.52,232584.34170009615
1517,,,,2629.0,11118.026270774852,-684.026874660867,494,3,37.272,206221.77636926447
1518,,,,2609.0,11128.026270774852,-674.026874660867,495,3,36.997,227278.53035364763
1519,,,,2594.0,11138.026270774852,-664.026874660867,496,3,36.716,230705.8698698321
1520,,,,2627.0,11149.026270774852,-653.026874660867,497,3,36.435,229173.04022609882
1521,,,,2662.0,11159.026270774852,-643.026874660867,498,3,36.232,164611.27128973682
1523,,,,2740.0,11180.026270774852,-622.026874660867,500,3,36.085,118850.37609407163
1525,,,,2808.0,11200.026270774852,-602.026874660867,502,3,35.948,110527.69445369368
1527,,,,2874.0,11221.026270774852,-581.026874660867,504,3,35.811,110313.71851054132
1528,,,,2904.0,11231.026270774852,-571.026874660867,505,3,35.805,4825.927064447053
1529,,,,2932.0,11241.026270774852,-561.026874660867,506,3,35.647,126904.62183770695
1531,,,,2977.0,11262.026270774852,-540.026874660867,508,3,35.583,51340.42440110677
1532,,,,2982.0,11272.026270774852,-530.026874660867,509,3,35.339,195062.05391091795
1533,,,,2999.0,11282.026270774852,-520.026874660867,510,3,35.151,149510.76598345707
1535,,,,3014.0,11303.026270774852,-499.026874660867,512,3,35.036,91232.43305969215
1536,,,,3022.0,11313.026270774852,-489.026874660867,513,3,34.78,202196.54198282695
1537,,,,3020.0,11323.026270774852,-479.026874660867,514,3,34.533,193853.7312168356
1538,,,,3023.0,11334.026270774852,-468.026874660867,515,3,34.283,194990.58796241056
1539,,,,3012.0,11344.026270774852,-458.026874660867,516,3,34.016,206867.7686214653
1540,,,,2983.0,11354.026270774852,-448.026874660867,517,3,33.759,197766.41653895212
1541,,,,2942.0,11364.026270774852,-438.026874660867,518,3,33.479,213946.43155042152
1542,,,,2909.0,11375.026270774852,-427.026874660867,519,3,33.167,236527.20026272116
1543,,,,2889.0,11385.026270774852,-417.026874660867,520,3,32.84,245737.6973009953
1544,,,,2880.0,11395.026270774852,-407.026874660867,521,3,32.558,210149.7637118324
1545,,,,2868.0,11405.026270774852,-397.026874660867,522,3,32.282,204102.5253375859
1546,,,,2859.0,11416.026270774852,-386.026874660867,523,3,31.986,217170.81220556374
1547,,,,2853.0,11426.026270774852,-376.026874660867,524,3,31.721,192898.2317425476
1548,,,,2837.0,11436.026270774852,-366.026874660867,525,3,31.457,190741.3906820431
1549,,,,2816.0,11447.026270774852,-355.026874660867,526,3,31.156,215736.52942350114
1550,,,,2788.0,11457.026270774852,-345.026874660867,527,3,30.902,180594.03462318185
1551,,,,2760.0,11467.026270774852,-335.026874660867,528,3,30.624,196134.63181732438
1552,,,,2736.0,11478.026270774852,-324.026874660867,529,3,30.317,214741.09648295713
1553,,,,2755.0,11488.026270774852,-314.026874660867,530,3,30.061,177567.75684527223
1554,,,,2744.0,11498.026270774852,-304.026874660867,531,3,29.819,166617.43876874814
1555,,,,2742.0,11509.026270774852,-293.026874660867,532,3,29.569,170874.51304219422
1556,,,,2744.0,11519.026270774852,-283.026874660867,533,3,29.28,195908.23815555024
1557,,,,2746.0,11529.026270774852,-273.026874660867,534,3,29.024,172080.21700896195
1558,,,,2740.0,11540.026270774852,-262.026874660867,535,3,28.769,170067.84825805892
1559,,,,2724.0,11550.026270774852,-252.026874660867,536,3,28.495,181223.79299728264
1560,,,,2713.0,11560.026270774852,-242.026874660867,537,3,28.223,178339.9470470211
1561,,,,2715.0,11570.026270774852,-232.026874660867,538,3,27.957,172901.08418730574
1562,,,,2696.0,11581.026270774852,-221.026874660867,539,3,27.645,200905.60548477923
1563,,,,2670.0,11591.026270774852,-211.026874660867,540,3,27.342,193118.79574998285
1564,,,,2672.0,11601.026270774852,-201.026874660867,541,3,27.047,186135.624263145
1565,,,,2666.0,11612.026270774852,-190.026874660867,542,3,26.739,192365.8490599679
1566,,,,2674.0,11622.026270774852,-180.026874660867,543,3,26.487,155885.6805126436
1567,,,,2672.0,11632.026270774852,-170.026874660867,544,3,26.237,153321.7382750833
1568,,,,2676.0,11643.026270774852,-159.026874660867,545,3,25.996,146564.19607953305
1569,,,,2657.0,11653.026270774852,-149.026874660867,546,3,25.703,176517.79291562675
1570,,,,2647.0,11663.026270774852,-139.026874660867,547,3,25.437,158654.94548765424
1571,,,,2638.0,11673.026270774852,-129.026874660867,548,3,25.172,156551.44943247613
1572,,,,2617.0,11684.026270774852,-118.026874660867,549,3,24.869,177158.14866060132
1573,,,,2598.0,11694.026270774852,-108.026874660867,550,3,24.572,171714.81279745404
1574,,,,2588.0,11704.026270774852,-98.026874660867,551,3,24.281,166387.04746319389
1575,,,,2561.0,11715.026270774852,-87.026874660867,552,3,24.007,155000.48166630874
1576,,,,2536.0,11725.026270774852,-77.026874660867,553,3,23.689,177837.31925745978
1577,,,,2514.0,11735.026270774852,-67.026874660867,554,3,23.396,161895.3076041137
1578,,,,2496.0,11745.026270774852,-57.026874660867,555,3,23.112,155131.50163154124
1579,,,,2479.0,11756.026270774852,-46.026874660867,556,3,22.82,157673.51721141423
1580,,,,2463.0,11766.026270774852,-36.026874660867,557,3,22.556,140948.3349285471
1581,,,,2442.0,11776.026270774852,-26.026874660867,558,3,22.281,145200.46472325243
1582,,,,2424.0,11787.026270774852,-15.026874660867,559,3,21.974,160141.89821723357
1583,,,,2416.0,11797.026270774852,-5.026874660867,560,3,21.711,135537.8633640051
1584,,,,2405.0,11807.026270774852,4.973125339133,561,3,21.466,124899.03345684391
1585,,,,2400.0,11818.026270774852,15.973125339133,562,3,21.211,128611.26632525517
1586,,,,2382.0,11828.026270774852,25.973125339133,563,3,20.933,138577.53428523816
1587,,,,2377.0,11838.026270774852,35.973125339133,564,3,20.669,130016.19019402837
1588,,,,2369.0,11848.026270774852,45.973125339133,565,3,20.43,116379.14557691595
1589,,,,2355.0,11859.026270774852,56.973125339133,566,3,20.158,130922.8910516723
1590,,,,2342.0,11869.026270774852,66.973125339133,567,3,19.901,122193.56010890992
1591,,,,2325.0,11879.026270774852,76.973125339133,568,3,19.643,121194.00743169193
1592,,,,2299.0,11890.026270774852,87.973125339133,569,3,19.345,138143.36658500187
1593,,,,2275.0,11900.026270774852,97.973125339133,570,3,19.08,121173.50500544903
1594,,,,2231.0,11910.026270774852,107.973125339133,571,3,18.807,123187.20013259102
1595,,,,2205.0,11921.026270774852,118.973125339133,572,3,18.498,137416.59047465693
1596,,,,2188.0,11931.026270774852,128.973125339133,573,3,18.218,122656.67695617594
1597,,,,2176.0,11941.026270774852,138.973125339133,574,3,17.945,117887.76991719831
1598,,,,2170.0,11952.026270774852,149.973125339133,575,3,17.666,118748.98650046911
1599,,,,2176.0,11962.026270774852,159.973125339133,576,3,17.4,111576.46991412433
1600,,,,2165.0,11972.026270774852,169.973125339133,577,3,17.135,109565.29072421929
1601,,,,2162.0,11982.026270774852,179.973125339133,578,3,16.88,103929.99901810472
1602,,,,2162.0,11993.026270774852,190.973125339133,579,3,16.583,119192.82351538507
1603,,,,2154.0,12003.026270774852,200.973125339133,580,3,16.321,103476.26502035561
1604,,,,2152.0,12013.026270774852,210.973125339133,581,3,16.045,107312.55588525202
1605,,,,2131.0,12024.026270774852,221.973125339133,582,3,15.753,111643.27630856544
1606,,,,2110.0,12034.026270774852,231.973125339133,583,3,15.471,105961.62303058607
1607,,,,2088.0,12044.026270774852,241.973125339133,584,3,15.179,107791.6263181807
1608,,,,2081.0,12055.026270774852,252.973125339133,585,3,14.913,96494.12024368173
1609,,,,2072.0,12065.026270774852,262.973125339133,586,3,14.643,96280.35744393566
1610,,,,2048.0,12075.026270774852,272.973125339133,587,3,14.405,83479.77642100582
1611,,,,2020.0,12085.026270774852,282.973125339133,588,3,14.134,93466.42704498504
1612,,,,1993.0,12096.026270774852,293.973125339133,589,3,13.799,113189.23111022085
1613,,,,1955.0,12106.026270774852,303.973125339133,590,3,13.483,104367.40835529198
1614,,,,1928.0,12116.026270774852,313.973125339133,591,3,13.167,102033.90363670357
1615,,,,1906.0,12126.026270774852,323.973125339133,592,3,12.856,98137.78589140029
1616,,,,1892.0,12137.026270774852,334.973125339133,593,3,12.536,98618.67874160489
1617,,,,1882.0,12147.026270774852,344.973125339133,594,3,12.249,86405.3812367711
1618,,,,1865.0,12158.026270774852,355.973125339133,595,3,11.96,85062.42715887536
1619,,,,1856.0,12168.026270774852,365.973125339133,596,3,11.628,95290.44202011256
1620,,,,1838.0,12178.026270774852,375.973125339133,597,3,11.336,81659.60902236546
1621,,,,1826.0,12188.026270774852,385.973125339133,598,3,11.012,88250.4755961655
1622,,,,1811.0,12199.026270774852,396.973125339133,599,3,10.664,92020.28051897006
1623,,,,1801.0,12209.026270774852,406.973125339133,600,3,10.328,86114.07150397159
1624,,,,1795.0,12219.026270774852,416.973125339133,601,3,10.021,76334.00443428688
1625,,,,1770.0,12230.026270774852,427.973125339133,602,3,9.677,82872.02777371301
1626,,,,1743.0,12240.026270774852,437.973125339133,603,3,9.365,72719.26903740541
1627,,,,1717.0,12250.026270774852,447.973125339133,604,3,9.058,69284.44583385102
1628,,,,1689.0,12261.026270774852,458.973125339133,605,3,8.74,69394.51509038567
1629,,,,1653.0,12271.026270774852,468.973125339133,606,3,8.383,75011.6914719088
1630,,,,1637.0,12281.026270774852,478.973125339133,607,3,8.064,64433.54646506325
1631,,,,1618.0,12291.026270774852,488.973125339133,608,3,7.754,60270.03060084624
1632,,,,1597.0,12302.026270774852,499.973125339133,609,3,7.436,59423.95373887618
1633,,,,1572.0,12312.026270774852,509.973125339133,610,3,7.191,44121.562024342835
1634,,,,1540.0,12322.026270774852,519.973125339133,611,3,6.924,46438.08201680044
1635,,,,1526.0,12333.026270774852,530.973125339133,612,3,6.629,49309.10398910455
1636,,,,1486.0,12343.026270774852,540.973125339133,613,3,6.351,44539.069716514736
1637,,,,1453.0,12353.026270774852,550.973125339133,614,3,6.049,46259.61277879761
1638,,,,1428.0,12364.026270774852,561.973125339133,615,3,5.728,46741.17510248394
1639,,,,1406.0,12374.026270774852,571.973125339133,616,3,5.457,37507.344120265116
1640,,,,1386.0,12384.026270774852,581.973125339133,617,3,5.18,36488.90182149831
1641,,,,1362.0,12394.026270774852,591.973125339133,618,3,4.903,34616.403828037735
1642,,,,1356.0,12405.026270774852,602.973125339133,619,3,4.603,35376.6539189957
1643,,,,1347.0,12415.026270774852,612.973125339133,620,3,4.349,28229.386054697974
1644,,,,1328.0,12425.026270774852,622.973125339133,621,3,4.078,28375.243720015125
1645,,,,1299.0,12436.026270774852,633.973125339133,622,3,3.768,30247.64925735489
1646,,,,1279.0,12446.026270774852,643.973125339133,623,3,3.482,25806.835472451618
1647,,,,1257.0,12456.026270774852,653.973125339133,624,3,3.207,22912.5489244336
1648,,,,1232.0,12467.026270774852,664.973125339133,625,3,2.914,22359.025666399946
1649,,,,1213.0,12477.026270774852,674.973125339133,626,3,2.58,22895.293298766777
1650,,,,1187.0,12487.026270774852,684.973125339133,627,3,2.277,18376.794438937493
1651,,,,1161.0,12497.026270774852,694.973125339133,628,3,1.987,15453.322805389353
1652,,,,1125.0,12508.026270774852,705.973125339133,629,3,1.648,15413.202992556382
1653,,,,1096.0,12518.026270774852,715.973125339133,630,3,1.345,11352.335146414023
1654,,,,1066.0,12528.026270774852,725.973125339133,631,3,1.052,8798.695938516863
1655,,,,1042.0,12539.026270774852,736.973125339133,632,3,0.763,6577.158144940888
1656,,,,1007.0,12549.026270774852,746.973125339133,633,3,0.451,4753.169582528849
1657,,,,961.0,12559.026270774852,756.973125339133,634,3,0.192,2091.542558056032
0,,,,931.13,12567.699277206508,765.646131770788,1657,4,0.0,463.2956661549407
